{"type": "FeatureCollection", "features": [{"type": "Feature", "properties": {"OBJECTID": 22140, "FRAARCID": 325523, "RROWNER1": "UP", "TRKRGHTS1": "AMTK"}, "geometry": {"type": "LineString", "coordinates": [[-110.10615445198, 38.9864610076342], [-110.105938157423, 38.9863484927221]]}}, {"type": "Feature", "properties": {"OBJECTID": 22287, "FRAARCID": 325698, "RROWNER1": "UP", "TRKRGHTS1": "AMTK"}, "geometry": {"type": "LineString", "coordinates": [[-109.758674633987, 38.9665561165794], [-109.758369149298, 38.9666280815407], [-109.758153000268, 38.9666790000156], [-109.757313328802, 38.9668253511392], [-109.757306604014, 38.9668265231371], [-109.757304988843, 38.9668268039138], [-109.757125999522, 38.9668580001445], [-109.756094000551, 38.9669840002294], [-109.755937768252, 38.9669948680754], [-109.755873805509, 38.9669993171867], [-109.755725450536, 38.9670096374476], [-109.754757000184, 38.9670769998822], [-109.754331927273, 38.9670961924999], [-109.754221719259, 38.967101168932], [-109.744471000924, 38.9675409996377], [-109.744371490048, 38.9675500137327], [-109.743492911649, 38.9676295920927], [-109.743458592412, 38.9676327008552], [-109.743378000955, 38.9676400002653], [-109.742428108, 38.9677828544105], [-109.742287869306, 38.9678039444976], [-109.742221000513, 38.9678139999326], [-109.742196417217, 38.9678191474319], [-109.741834031441, 38.9678950230657], [-109.74089800039, 38.9680910005201], [-109.740658997321, 38.9681592126216], [-109.740631932878, 38.9681669352297], [-109.740413530873, 38.9682292685271], [-109.739836962479, 38.9683938197314]]}}, {"type": "Feature", "properties": {"OBJECTID": 23396, "FRAARCID": 326961, "RROWNER1": "UP", "TRKRGHTS1": "AMTK"}, "geometry": {"type": "LineString", "coordinates": [[-109.495478280938, 38.9470200781301], [-109.494828252812, 38.9468275607762], [-109.494563000072, 38.9467490000367], [-109.493610941279, 38.9464580771512], [-109.492393541711, 38.9460860568847], [-109.492131946911, 38.9460061161793], [-109.491189028476, 38.9457179597231], [-109.488344075649, 38.9448484857693], [-109.484997215209, 38.9438255063875], [-109.48346613113, 38.9433574841318], [-109.479185999263, 38.9420489997298], [-109.478838856999, 38.9419523500865], [-109.478589531389, 38.9418829347555], [-109.478085891823, 38.9417427106889], [-109.477971999818, 38.9417110003389], [-109.477832640575, 38.9416788064763], [-109.47770635092, 38.941649633767], [-109.477245220532, 38.9415431067777], [-109.472292032227, 38.940398728588], [-109.471407030873, 38.9401942334044], [-109.46538481504, 38.9388024899315], [-109.456966858819, 38.9368564909886], [-109.456020849282, 38.9366377584061], [-109.455970000145, 38.9366260005918], [-109.455768955388, 38.9365868393071], [-109.455166943112, 38.9364695705378], [-109.454966152578, 38.9364304580792], [-109.45485600026, 38.9364090001961], [-109.454689920628, 38.9363904246474], [-109.454478753654, 38.9363668034237], [-109.454328630797, 38.936350011772], [-109.453810000146, 38.9362919994528], [-109.453790792369, 38.9362912846313], [-109.453089191064, 38.936265113634], [-109.452980725782, 38.9362610664708], [-109.452509176733, 38.9362434747244], [-109.439533893701, 38.9357586455663], [-109.439195999593, 38.9357459994878], [-109.438449409761, 38.9357354161341], [-109.438279001148, 38.9357330005355], [-109.437711768945, 38.9357676602106], [-109.437608000953, 38.9357739993196], [-109.43711227285, 38.9358403565916], [-109.437099999169, 38.9358419993639], [-109.43687579764, 38.9358881185563], [-109.436816416305, 38.9359003313818], [-109.43646800023, 38.9359719997606], [-109.4364529265, 38.9359762824201], [-109.436000484617, 38.93610485502], [-109.435912000561, 38.93612999961], [-109.435890617064, 38.9361378144504], [-109.435851308584, 38.9361521828817], [-109.435372998815, 38.9363270005435], [-109.435206368516, 38.9364021405758], [-109.434912647266, 38.9365345918519], [-109.434894000037, 38.9365429998845], [-109.434439999577, 38.936788000699], [-109.434300348382, 38.9368758706702], [-109.434159483562, 38.9369645007655], [-109.433007999675, 38.9376889998821], [-109.432853966451, 38.937775742375], [-109.432421999869, 38.9380189990847], [-109.432136663493, 38.9381396143145], [-109.431993116304, 38.9382002935777], [-109.431927141335, 38.9382281799446], [-109.431674691384, 38.9383348900904], [-109.431596499326, 38.9383679435115], [-109.431594000213, 38.938368999991], [-109.431572453223, 38.9383752005189], [-109.4313084707, 38.9384511649773], [-109.431210390841, 38.9384793894303], [-109.431142754887, 38.9384988532145], [-109.430938836419, 38.9385575324109], [-109.430899951045, 38.9385687204417], [-109.430687000017, 38.9386299995443], [-109.430183999153, 38.9387280001619], [-109.430145919569, 38.9387329261818], [-109.430133727634, 38.9387345032069], [-109.430101832949, 38.9387386291849], [-109.429581000527, 38.9388059996298], [-109.428923707726, 38.9388651376342], [-109.428885069389, 38.9388686137906], [-109.428357844555, 38.9389160453151]]}}, {"type": "Feature", "properties": {"OBJECTID": 24101, "FRAARCID": 327781, "RROWNER1": "UP", "TRKRGHTS1": "AMTK"}, "geometry": {"type": "LineString", "coordinates": [[-110.176942364716, 38.9933195387728], [-110.176628789799, 38.9933152735422], [-110.176277797357, 38.9933232196199], [-110.173662018234, 38.9934093061441], [-110.172324760949, 38.993437859897], [-110.171190000099, 38.9934800003474], [-110.169883434654, 38.9933855112249], [-110.169479994972, 38.9933115019302], [-110.168560454294, 38.9931428069205], [-110.167613427864, 38.9928810662706], [-110.166809170681, 38.9925860130674], [-110.16633276534, 38.9923936174268], [-110.166314241181, 38.9923861383387], [-110.165757449198, 38.9921148805212], [-110.16515306537, 38.9917532022793], [-110.163840000614, 38.9909200004679], [-110.162721254929, 38.9901732381933], [-110.161969424325, 38.9896637543018]]}}, {"type": "Feature", "properties": {"OBJECTID": 25044, "FRAARCID": 328846, "RROWNER1": "UP", "TRKRGHTS1": "AMTK"}, "geometry": {"type": "LineString", "coordinates": [[-109.803463833654, 38.9516371500624], [-109.802326207178, 38.9521756959165], [-109.802182940263, 38.9522435146644], [-109.801966822674, 38.9523458221467]]}}, {"type": "Feature", "properties": {"OBJECTID": 25166, "FRAARCID": 328990, "RROWNER1": "UP", "TRKRGHTS1": "AMTK"}, "geometry": {"type": "LineString", "coordinates": [[-109.428357844555, 38.9389160453151], [-109.424025983202, 38.9393056718377], [-109.421190096173, 38.9395606519812], [-109.421177180196, 38.9395618132507], [-109.420985999839, 38.9395790003149], [-109.420275999286, 38.9396790000474], [-109.420198610323, 38.9396961842884], [-109.419937408984, 38.939754185438], [-109.419614000211, 38.939825999447], [-109.419574134775, 38.9398382241713], [-109.419026999682, 38.9400059994946], [-109.419008437793, 38.9400132234948], [-109.418526000264, 38.9402009997292], [-109.418431973604, 38.9402454496602], [-109.418118749929, 38.9403935183089], [-109.418030999797, 38.9404350007002], [-109.417799131147, 38.9405655774955], [-109.417547999923, 38.9407070007748], [-109.417141789836, 38.9409643025643], [-109.417138580156, 38.9409663357936], [-109.411489236132, 38.9445443844775], [-109.410212964574, 38.945352624553], [-109.408614593986, 38.9463647947285], [-109.407877409514, 38.9468316003498], [-109.407730191809, 38.9469248199788]]}}, {"type": "Feature", "properties": {"OBJECTID": 25214, "FRAARCID": 329045, "RROWNER1": "UP", "TRKRGHTS1": "AMTK"}, "geometry": {"type": "LineString", "coordinates": [[-109.935487543925, 38.9246526433541], [-109.934082029052, 38.9243527975171], [-109.932943999232, 38.9241099999153], [-109.931822267547, 38.9238833524282], [-109.931385000006, 38.9237950002117], [-109.930809343402, 38.9237197343042], [-109.930145999549, 38.9236330004784], [-109.929727311863, 38.9236104205232], [-109.929496999994, 38.9235980001121], [-109.92879999986, 38.9236010003838], [-109.928708700484, 38.9236074831507], [-109.927786745135, 38.9236729474619], [-109.927681538042, 38.9236804177319], [-109.927617000377, 38.9236850002519], [-109.927405682486, 38.9237196944684], [-109.926688547514, 38.9238374329951], [-109.926679000219, 38.9238389998683], [-109.925885, 38.9240309995753], [-109.925561143866, 38.9241275625232], [-109.925243138459, 38.9242223809623], [-109.925231000422, 38.9242259997068], [-109.925201031726, 38.9242368356719], [-109.924321000751, 38.9245549999753], [-109.923926182201, 38.9247058451259], [-109.920969620887, 38.9258353673461], [-109.918692569508, 38.9267052093167], [-109.918049487156, 38.9269508570006], [-109.91692750484, 38.9273794235367], [-109.916551827592, 38.9275229186077], [-109.915529566358, 38.9279133750437], [-109.914493963346, 38.9283089119135], [-109.914443925388, 38.9283280227852]]}}, {"type": "Feature", "properties": {"OBJECTID": 25462, "FRAARCID": 329329, "RROWNER1": "UP", "TRKRGHTS1": "AMTK"}, "geometry": {"type": "LineString", "coordinates": [[-110.161969424325, 38.9896637543018], [-110.161426830215, 38.9892975983685], [-110.160584499736, 38.9887360451314], [-110.159813554779, 38.9882315991573], [-110.158105101941, 38.9870799401444], [-110.157310361511, 38.9866468781598], [-110.156458515178, 38.9862566460614], [-110.155559297087, 38.9859510885401], [-110.15547817742, 38.9859235219008], [-110.154628501417, 38.9857080515063], [-110.153125548082, 38.985433386394]]}}, {"type": "Feature", "properties": {"OBJECTID": 25740, "FRAARCID": 329649, "RROWNER1": "UP", "TRKRGHTS1": "AMTK"}, "geometry": {"type": "LineString", "coordinates": [[-110.388334156327, 39.3262882142273], [-110.38869399987, 39.3246989990888], [-110.388702572493, 39.3246558592397], [-110.388733059517, 39.3245024512743], [-110.388787999581, 39.3242259999041], [-110.388790080978, 39.3242105124019], [-110.388810254444, 39.3240603653839], [-110.388847840854, 39.3237806232275], [-110.388849000579, 39.3237720000109], [-110.388849412007, 39.3237554609996], [-110.388850821464, 39.3236989468904], [-110.38885551067, 39.3235109708711], [-110.388859999551, 39.323330999834], [-110.388827755422, 39.3229298501261], [-110.388826000114, 39.3229079996045], [-110.388755999794, 39.3225259997093], [-110.388744875058, 39.3224860406004], [-110.388657999885, 39.3221740000437], [-110.388585231855, 39.3219799510663], [-110.388539234519, 39.3218572936888], [-110.388522999267, 39.321813999896], [-110.388364649639, 39.3214857357701], [-110.388345000789, 39.3214449998195], [-110.388231742096, 39.3212694940237], [-110.388067252483, 39.3210145939831], [-110.387949535451, 39.3208321737891], [-110.387931999438, 39.3208050000223], [-110.387794667693, 39.3206412427933], [-110.387615000144, 39.320427000586], [-110.387558046955, 39.3203698590273], [-110.38741496689, 39.3202263016353], [-110.38731499967, 39.3201259998958], [-110.387103606321, 39.3199498410082], [-110.387068821757, 39.3199208523721], [-110.386799000185, 39.3196959994428], [-110.386554186812, 39.3195334578798], [-110.386267672745, 39.319343227334], [-110.386185999716, 39.3192889995561], [-110.3849508701, 39.3186400816715], [-110.384517786911, 39.3184125413478], [-110.384374266671, 39.31833713502], [-110.383684957913, 39.3179749655712], [-110.383450143688, 39.3178515895164], [-110.383060257786, 39.3176467355528], [-110.382374512644, 39.3172864243833], [-110.382190999408, 39.3171899999017], [-110.381787788796, 39.316948241742], [-110.381709000258, 39.3169009994832], [-110.381610768583, 39.3168308956543], [-110.381353806394, 39.3166475117229], [-110.381247999227, 39.3165719999393], [-110.381185047987, 39.3165155655098], [-110.381134312038, 39.3164700826709], [-110.381068956906, 39.3164114929968], [-110.381053746632, 39.3163978559118], [-110.380710388072, 39.3160900366868], [-110.380701015051, 39.3160816349199], [-110.380678000213, 39.3160610005817], [-110.380571053982, 39.3159341399255], [-110.380268867907, 39.3155756748848], [-110.380194549385, 39.3154875143598], [-110.380191231907, 39.3154835799723], [-110.380189508938, 39.3154815352861], [-110.380184000469, 39.3154750009078], [-110.380170314635, 39.315452796388], [-110.379915108653, 39.3150386723581], [-110.379804999454, 39.3148600007273], [-110.379579437876, 39.314325073568], [-110.379551999734, 39.3142599997317], [-110.379413000715, 39.3137590007515], [-110.37938724871, 39.313616384747], [-110.379361492215, 39.313473735786], [-110.379346184024, 39.3133889462372], [-110.37928300012, 39.3130390002588], [-110.378799251051, 39.3100244301949], [-110.378249772253, 39.3066000625068], [-110.378054966296, 39.3053859818457], [-110.377979645254, 39.3049165535034], [-110.377399306631, 39.3012995639116], [-110.376683381689, 39.2968372393776], [-110.376377085822, 39.2949280054839], [-110.375995737509, 39.2925508698358], [-110.375531344439, 39.2896559468232], [-110.375471999935, 39.2892859998598], [-110.375399408874, 39.2887139830211], [-110.375396999592, 39.2886950009058], [-110.375360244124, 39.2882322207377], [-110.37535670566, 39.288187671341], [-110.375355934905, 39.2881779653743], [-110.375353000109, 39.2881409999513], [-110.375272377211, 39.2865309594481], [-110.375204836478, 39.2851821544587], [-110.375198465626, 39.2850549534507], [-110.375121416226, 39.2835163038512], [-110.375108262195, 39.2832536219561], [-110.375087999796, 39.2828490002004], [-110.375052377103, 39.2825491117129], [-110.375045000138, 39.282487000322], [-110.374976998569, 39.2821579996202], [-110.374930800011, 39.2820057625941], [-110.374914642912, 39.2819525196774], [-110.374897127561, 39.2818948029527], [-110.374871999885, 39.2818119999584], [-110.374783097215, 39.2815932721702], [-110.374745999489, 39.2815019996258], [-110.374732954154, 39.2814769167605], [-110.374716762021, 39.2814457858478], [-110.374669009377, 39.2813539735293], [-110.374582948078, 39.2811884975835], [-110.374572400958, 39.2811682187064], [-110.374539000698, 39.2811039999059], [-110.374281000057, 39.2807139999434], [-110.374193443063, 39.2806068278863], [-110.373972999187, 39.2803370001177], [-110.373732746561, 39.2801005905368], [-110.373597999268, 39.2799680010624], [-110.373187296707, 39.2796499076825], [-110.372989175966, 39.2794964608487], [-110.372986000421, 39.2794939999836], [-110.372979384329, 39.2794897937746], [-110.372973078156, 39.2794857836557], [-110.372969828949, 39.2794837177525], [-110.372722927892, 39.2793267179721], [-110.372452157699, 39.2791545374494], [-110.371977042338, 39.2788524135483]]}}, {"type": "Feature", "properties": {"OBJECTID": 25781, "FRAARCID": 329697, "RROWNER1": "UP", "TRKRGHTS1": "AMTK"}, "geometry": {"type": "LineString", "coordinates": [[-109.336498962277, 38.9671009656841], [-109.336428794871, 38.9671188298502], [-109.336215999251, 38.9671729999364], [-109.330469295817, 38.9685593769942], [-109.317943905249, 38.9715798705596], [-109.311379602855, 38.9731621799599], [-109.311165922395, 38.9732136782871]]}}, {"type": "Feature", "properties": {"OBJECTID": 26389, "FRAARCID": 330421, "RROWNER1": "UP", "TRKRGHTS1": "AMTK"}, "geometry": {"type": "LineString", "coordinates": [[-110.115364424939, 38.9876104730578], [-110.115254967917, 38.9876380180928], [-110.115062793125, 38.9876863784593], [-110.11495700033, 38.9877129989907], [-110.114923662054, 38.9877194444744], [-110.114502814818, 38.9878007841803], [-110.114419039731, 38.9878169764207], [-110.114379601893, 38.9878245984332], [-110.11424299958, 38.9878509996645], [-110.113565999537, 38.987942999266], [-110.113191801814, 38.9879734781793], [-110.112902999738, 38.9879969998113], [-110.112069000235, 38.9880159996313], [-110.111873301352, 38.9880098753652], [-110.111870011722, 38.9880097713274], [-110.111862324838, 38.9880095304344], [-110.111462000513, 38.9879969998113], [-110.110912410324, 38.9879515226939], [-110.110749000485, 38.98793799986], [-110.110564164929, 38.9879119785043], [-110.110059999849, 38.9878409994426], [-110.10962917772, 38.9877527185504], [-110.109206000255, 38.9876659995194], [-110.109096622284, 38.9876355246632], [-110.108482548329, 38.987464427426], [-110.108420000432, 38.987447000606], [-110.108406658654, 38.9874423467968], [-110.107862755698, 38.987252649867], [-110.107728999248, 38.9872059999125], [-110.107197829013, 38.9869807188127], [-110.107179995658, 38.9869731539659], [-110.107121678827, 38.986948421925], [-110.106957999494, 38.9868789996962], [-110.106730338553, 38.9867605747395], [-110.106693584881, 38.9867414558796], [-110.10615445198, 38.9864610076342]]}}, {"type": "Feature", "properties": {"OBJECTID": 26667, "FRAARCID": 330735, "RROWNER1": "UP", "TRKRGHTS1": "AMTK"}, "geometry": {"type": "LineString", "coordinates": [[-109.820347412501, 38.9436421365318], [-109.819952473576, 38.943829207973], [-109.81956126805, 38.9440145077815], [-109.814682477317, 38.9463252021653], [-109.804555216656, 38.9511204748121]]}}, {"type": "Feature", "properties": {"OBJECTID": 26748, "FRAARCID": 330829, "RROWNER1": "UP", "TRKRGHTS1": "AMTK"}, "geometry": {"type": "LineString", "coordinates": [[-109.311165922395, 38.9732136782871], [-109.31003990844, 38.9734850532296], [-109.305784182901, 38.9745105774819], [-109.30521799993, 38.9746470004286], [-109.303945000036, 38.9749350008482], [-109.303854529806, 38.9749508426565], [-109.303727988623, 38.9749730040024], [-109.303231457426, 38.9750599571706], [-109.302682999114, 38.9751560001795], [-109.302671412644, 38.9751573557102], [-109.301614047045, 38.9752810783261], [-109.301118999865, 38.975339000074], [-109.300625925386, 38.9753683390949], [-109.300519478618, 38.9753746718691], [-109.299723999772, 38.9754220000496], [-109.299389859724, 38.9754237480561], [-109.298770350063, 38.9754269863723], [-109.298385000654, 38.9754290004554], [-109.298026314141, 38.9754113576717], [-109.297012303035, 38.9753614762611], [-109.296900999975, 38.9753560003799], [-109.296063140411, 38.9752679665045], [-109.29552099995, 38.9752110007623], [-109.29507705074, 38.9751408672599], [-109.294762296336, 38.9750911427916], [-109.294453150114, 38.9750423024226], [-109.294274000894, 38.9750140003439], [-109.294107162186, 38.9749772458954], [-109.2935955887, 38.9748645444255], [-109.292409663404, 38.9746032725393], [-109.290601999728, 38.9742050006928], [-109.290534390723, 38.9741933727224], [-109.290041905538, 38.9741086770431], [-109.289566999485, 38.9740270010502], [-109.289266997214, 38.9740016296606], [-109.288286019856, 38.9739186678279], [-109.288219000146, 38.9739129997808], [-109.287236547754, 38.9738566957113], [-109.286253258132, 38.9738003357265], [-109.286027140497, 38.9737873737827], [-109.285131000932, 38.9737360001845], [-109.284698907688, 38.9737240229465], [-109.284156998992, 38.9737090000652], [-109.283781769105, 38.9737251103262], [-109.283597999849, 38.973732999939], [-109.283097942765, 38.9737914264855], [-109.283016000241, 38.973800999188], [-109.282519000124, 38.9738959991285], [-109.282418732867, 38.9739227631244], [-109.282001999915, 38.9740340001971], [-109.28169297227, 38.9741405845066], [-109.281540999782, 38.9741930004877], [-109.281077000175, 38.9743930006142], [-109.280967404812, 38.9744513581756], [-109.280600000149, 38.9746470004286], [-109.280223217973, 38.9748912256476], [-109.280130999621, 38.9749509997896], [-109.279529999746, 38.9754509996312], [-109.27951703526, 38.9754655444619], [-109.279290006733, 38.9757202499649], [-109.279045999149, 38.9759939994997], [-109.278942876148, 38.9761494561147], [-109.278779817551, 38.9763952607197], [-109.278711000312, 38.9764990005717], [-109.278568126859, 38.976806457898], [-109.278427999556, 38.9771079995813], [-109.27830124727, 38.977533852952], [-109.278289000537, 38.9775750000499], [-109.278186999532, 38.9780899998279], [-109.278151853845, 38.9783336782476], [-109.27761105906, 38.9820827296394], [-109.277564999741, 38.9824019995323], [-109.27748000025, 38.9829019998325], [-109.277453996718, 38.9830134120368], [-109.277357000227, 38.9834290007063], [-109.277247945649, 38.9837674477402], [-109.277124998626, 38.9841489999939], [-109.276957939831, 38.9845347328565], [-109.276810999705, 38.984873999961], [-109.276594734792, 38.9852649651812], [-109.276425999741, 38.9855699991727], [-109.276143398736, 38.9859798282461], [-109.275904000407, 38.9863270003754], [-109.275898536854, 38.9863334250376], [-109.275772997293, 38.9864811090154], [-109.275605572884, 38.9866780642637], [-109.275302999635, 38.9870340001963], [-109.275038157424, 38.9872954217246], [-109.274985608675, 38.9873472903178], [-109.274931983744, 38.9874002236988], [-109.274684000217, 38.9876449998347], [-109.274327599018, 38.9879356747171], [-109.272690220885, 38.9892710335931], [-109.272683692827, 38.9892763589775], [-109.272682693901, 38.9892771738094], [-109.269783999362, 38.9916410001965], [-109.269607733734, 38.9918071810663], [-109.269582094917, 38.9918313535456], [-109.269015000157, 38.9923660002336], [-109.268701096457, 38.9927126613818], [-109.268325000594, 38.9931279997108], [-109.268030549911, 38.9935090805041], [-109.267651999851, 38.9939990009069], [-109.267420663902, 38.9943503157899], [-109.267329998737, 38.9944879998161], [-109.267010999793, 38.9950340003408], [-109.266967710878, 38.9951186318917], [-109.2666330004, 38.9957730001097], [-109.266502640479, 38.996063454505], [-109.266371733484, 38.9963551225032], [-109.266325808014, 38.9964574472667], [-109.266189721333, 38.9967606541284], [-109.26606496151, 38.9970386222236], [-109.265998109784, 38.9971875656681], [-109.265791000501, 38.9976490007179], [-109.265696308188, 38.9978221007442], [-109.265383233634, 38.9983944086138], [-109.265320000323, 38.9985099992177], [-109.265237294231, 38.9986400529076], [-109.265044000138, 38.9989439995132], [-109.265030369102, 38.998963157663], [-109.264982126876, 38.9990309553551], [-109.264651847787, 38.9994951324952], [-109.264637000432, 38.9995159995105], [-109.264271910728, 38.9999685155235], [-109.264238884166, 39.0000094520133], [-109.264230710396, 39.000019583159], [-109.2641150002, 39.0001629995923], [-109.263727999688, 39.000593999717], [-109.263278761197, 39.0010368099681], [-109.263168999646, 39.0011449997716], [-109.263080693457, 39.0012252733924], [-109.262973733751, 39.0013225012003], [-109.262103000339, 39.0021140002435], [-109.257443528792, 39.0062824018786], [-109.256068359009, 39.0075124945481], [-109.252957644097, 39.0102948031689]]}}, {"type": "Feature", "properties": {"OBJECTID": 27110, "FRAARCID": 331255, "RROWNER1": "UP", "TRKRGHTS1": "AMTK"}, "geometry": {"type": "LineString", "coordinates": [[-109.581056876673, 38.9625538186073], [-109.580456195701, 38.9624928458679], [-109.579252332846, 38.9623706368998], [-109.578920999134, 38.9623370002519], [-109.578880380911, 38.9623350856811], [-109.577690873134, 38.9622790287553], [-109.575759383882, 38.9621879799869], [-109.564794639152, 38.96167049596], [-109.559619542717, 38.9614258954608], [-109.55415399939, 38.9611673128406], [-109.544438000042, 38.9607069999832], [-109.544061163967, 38.960686780222], [-109.543430476569, 38.9606529374128], [-109.542853999803, 38.960622000391], [-109.542278882189, 38.9605668355054], [-109.541947000505, 38.9605349994619], [-109.541922326479, 38.9605310780193], [-109.541451346064, 38.9604562080393], [-109.541210999115, 38.9604180001156], [-109.54080684617, 38.960330683208], [-109.540563000283, 38.9602779992169], [-109.539869969804, 38.9600878516149], [-109.539845000233, 38.9600810005723], [-109.539184999908, 38.959861000584], [-109.538886252584, 38.9597445764029], [-109.536726625386, 38.9589029236252], [-109.535968116706, 38.9586073034129], [-109.533203049261, 38.9575295893554], [-109.531955478876, 38.9570433053886], [-109.530494719409, 38.9564738989044], [-109.529086770102, 38.955925051962], [-109.527939999675, 38.9554779993679], [-109.527824258038, 38.9554372788281], [-109.526876999843, 38.9551039999045], [-109.526290746712, 38.9549288869413], [-109.525875999037, 38.9548049995414], [-109.522633547985, 38.9539855656819], [-109.517199189674, 38.9526119558771], [-109.515753238935, 38.9522464222086]]}}, {"type": "Feature", "properties": {"OBJECTID": 27144, "FRAARCID": 331295, "RROWNER1": "UP", "TRKRGHTS1": "AMTK"}, "geometry": {"type": "LineString", "coordinates": [[-109.515753238935, 38.9522464222086], [-109.515607030936, 38.9522094589433], [-109.511752445391, 38.951234914459], [-109.508821601047, 38.9504938192494], [-109.505038349821, 38.9495370527072], [-109.501148772202, 38.9485532488719], [-109.50000275636, 38.948263351997], [-109.499316569247, 38.9480897689077], [-109.49900228556, 38.9480102629167], [-109.498204668724, 38.9478084815346], [-109.49776400106, 38.9476969999774], [-109.497182593441, 38.9475248197668], [-109.49700960846, 38.9474735906048], [-109.496667484186, 38.9473722709547], [-109.495478280938, 38.9470200781301]]}}, {"type": "Feature", "properties": {"OBJECTID": 27628, "FRAARCID": 331847, "RROWNER1": "UP", "TRKRGHTS1": "AMTK"}, "geometry": {"type": "LineString", "coordinates": [[-110.60146017434, 39.4596419128173], [-110.60130949812, 39.4595689782333], [-110.601287942147, 39.4595585442377], [-110.601287742721, 39.4595584471386], [-110.598243655853, 39.4580848771576], [-110.597462603952, 39.4577067668419], [-110.596074999688, 39.4570349999958], [-110.591395126503, 39.4548023444153], [-110.590414454572, 39.4543344504512], [-110.590408662235, 39.4543316849988], [-110.590004856938, 39.4541390200206], [-110.589307202831, 39.4538061450817], [-110.5891559993, 39.4537339999691], [-110.589112631333, 39.4537183254673], [-110.589044824699, 39.4536938169707], [-110.588640536109, 39.4535476883311], [-110.588476769639, 39.4534884964133], [-110.588325999995, 39.4534340002955], [-110.588158027613, 39.4533931713574], [-110.58800617011, 39.4533562593077], [-110.587793304422, 39.4533045174816], [-110.587716382582, 39.4532858193596], [-110.587531999777, 39.4532410005851], [-110.587525941539, 39.4532401980572], [-110.587392339598, 39.4532225230198], [-110.587379808998, 39.4532208652479], [-110.587356601921, 39.4532177945547], [-110.58733418626, 39.4532148292929], [-110.586808828125, 39.4531453214394], [-110.586673422368, 39.4531274070758], [-110.586625000479, 39.4531209993274], [-110.58659559862, 39.4531202314796], [-110.586459620635, 39.4531166724668], [-110.586370634421, 39.4531143446462], [-110.586298149361, 39.4531124475695], [-110.5858317791, 39.4531002403824], [-110.585707999338, 39.4530970004383], [-110.585576216486, 39.4531042655151], [-110.585167255758, 39.45312680778], [-110.580571999381, 39.4533800000782], [-110.580232579036, 39.4534036645417], [-110.579150394782, 39.4534791109623], [-110.578778999803, 39.4535049998495], [-110.578256956452, 39.453575468708], [-110.578052999357, 39.4536030000626], [-110.577629629651, 39.4536846139704], [-110.577388999733, 39.4537310000482], [-110.576805979639, 39.4538745133483], [-110.576803999752, 39.4538750002709], [-110.576091000623, 39.454093999952], [-110.575568480266, 39.4542983934376], [-110.57516300051, 39.4544570000439], [-110.574820620216, 39.4546231153597], [-110.574319999888, 39.4548660006906], [-110.570523480545, 39.4569001617215], [-110.569296475292, 39.4575575331217], [-110.568483719149, 39.4579929534739], [-110.567772923587, 39.4583737415234], [-110.566144392063, 39.4592461423064], [-110.565025100202, 39.4598457199056], [-110.564674744665, 39.4600333907123], [-110.564272771033, 39.460248709725], [-110.564160174399, 39.4603090215392], [-110.564037001, 39.4603749996634], [-110.563424000532, 39.4606560000227], [-110.563223318694, 39.4607341510716], [-110.562997128295, 39.4608222337081], [-110.56283273031, 39.4608862541419], [-110.562800000193, 39.4608990002406], [-110.562305570155, 39.4610602612835], [-110.562149999016, 39.4611110000204], [-110.561613574536, 39.4612530853482], [-110.561444000458, 39.4612979988354], [-110.561387909652, 39.4613088029248], [-110.560993084813, 39.461384844164], [-110.560513311688, 39.4614772439957], [-110.56049899883, 39.4614800001481], [-110.560471704419, 39.4614831349766], [-110.560237457928, 39.4615100362384], [-110.560184256104, 39.4615161463771], [-110.560117324429, 39.4615238322511], [-110.55993545511, 39.4615447169901], [-110.559780767014, 39.4615624800754], [-110.559515001336, 39.4615930002245], [-110.558970139878, 39.4616123494345], [-110.558537594781, 39.4616277072896], [-110.558472999624, 39.4616299994547], [-110.558322487796, 39.4616239246968], [-110.557859054128, 39.4616052142449], [-110.557837567324, 39.4616043473137], [-110.557772368499, 39.4616017153107], [-110.557507000775, 39.4615910007341], [-110.55742967649, 39.4615816031982], [-110.557006930215, 39.461530228823], [-110.556410456053, 39.4614577373131], [-110.556382349565, 39.4614543215971], [-110.556174000606, 39.4614289995196], [-110.555531, 39.4612919996453], [-110.555372383572, 39.4612469183154], [-110.555292709295, 39.4612242739541], [-110.554985436959, 39.4611369415534], [-110.554573999575, 39.4610199999814], [-110.554443517484, 39.4609713543158], [-110.554217915481, 39.4608872445343], [-110.553934426941, 39.4607815533623], [-110.55371299941, 39.4606989996864], [-110.553462101747, 39.4605785375864], [-110.553081389442, 39.4603957453422], [-110.551805488888, 39.4597831307224], [-110.548058801789, 39.457984050669], [-110.547603010088, 39.457765173505], [-110.547561000374, 39.4577449999421], [-110.546992214086, 39.4574411376307], [-110.546597000276, 39.4572300005949], [-110.546560631084, 39.4572080825012], [-110.546134592484, 39.4569513355983], [-110.545793975583, 39.4567460634895], [-110.545677027509, 39.4566755860492], [-110.545613000087, 39.4566370000157], [-110.54468375491, 39.4560088794729], [-110.542517717334, 39.4545446876333], [-110.542408806487, 39.4544710624159], [-110.542158491831, 39.4543018469601], [-110.541770610071, 39.4540396347087], [-110.541684439178, 39.4539813830654], [-110.538985142784, 39.4521565369806], [-110.538388090107, 39.4517528829711], [-110.537825735756, 39.4513726795193], [-110.536399005371, 39.4504080528352]]}}, {"type": "Feature", "properties": {"OBJECTID": 27880, "FRAARCID": 332142, "RROWNER1": "UP", "TRKRGHTS1": "AMTK"}, "geometry": {"type": "LineString", "coordinates": [[-110.26850603454, 39.003126457599], [-110.267992128129, 39.0029825955069], [-110.267975093376, 39.0029778275338], [-110.267226096957, 39.0027681515865], [-110.266939078935, 39.0026877994353], [-110.265328474191, 39.0022368973689], [-110.264411442508, 39.0019801531669], [-110.263134227719, 39.0016225548132], [-110.259358360644, 39.0005652729262], [-110.25761976304, 39.0000783978105], [-110.257484563895, 39.0000405358886], [-110.257458789433, 39.0000333166117], [-110.255555297075, 38.9995002260302], [-110.247362900636, 38.9972054313204], [-110.245378877008, 38.9966495763346], [-110.243809999907, 38.996210000428], [-110.243183266892, 38.9960536013591], [-110.243169891876, 38.9960502634511], [-110.243090471822, 38.996030444052], [-110.242139000527, 38.995792999009], [-110.242094576142, 38.9957855523956], [-110.241947023365, 38.9957608136596], [-110.241302073415, 38.9956526784581]]}}, {"type": "Feature", "properties": {"OBJECTID": 27948, "FRAARCID": 332221, "RROWNER1": "UP", "TRKRGHTS1": "AMTK"}, "geometry": {"type": "LineString", "coordinates": [[-109.700477663682, 38.9683018142832], [-109.700582837538, 38.9683843971598], [-109.701036999694, 38.9687409998669], [-109.701253434389, 38.9688946823295], [-109.70144556157, 38.9690311042206], [-109.701527513077, 38.9690892950855], [-109.701712999912, 38.9692209994348], [-109.702390826404, 38.9695862038876], [-109.702421999741, 38.9696030002383], [-109.703183000348, 38.9698989999086], [-109.703291948924, 38.9699268360908], [-109.704047999813, 38.9701200002882], [-109.704137692102, 38.9701336054465], [-109.704759999117, 38.970227999891], [-109.706121243217, 38.9703927517858], [-109.707808999769, 38.9705969999105], [-109.714690134371, 38.9714073034907], [-109.715739886748, 38.9715308804061], [-109.717433249686, 38.9717302071095], [-109.717586592105, 38.9717482551843], [-109.717844034892, 38.9717785566919], [-109.717976452853, 38.971794142195], [-109.719791381205, 38.9720077385295], [-109.720142000847, 38.9720490005819], [-109.720663653431, 38.9720824272895], [-109.720801301384, 38.9720912473506], [-109.721019621642, 38.972105234852], [-109.721890000219, 38.9721610004534], [-109.721890853619, 38.9721609948662], [-109.723109032925, 38.9721543377485], [-109.723718998884, 38.9721510001104], [-109.724290896937, 38.9721084041787], [-109.725385947759, 38.9720268348291], [-109.725424000395, 38.9720240007298], [-109.725829023807, 38.9719728626096], [-109.72586743487, 38.9719680129299], [-109.726397936758, 38.9719010308854], [-109.726757772216, 38.9718555965071]]}}, {"type": "Feature", "properties": {"OBJECTID": 28392, "FRAARCID": 332732, "RROWNER1": "UP", "TRKRGHTS1": "AMTK"}, "geometry": {"type": "LineString", "coordinates": [[-110.285686776981, 39.0152789483706], [-110.285619616236, 39.0152213999143], [-110.285584086069, 39.0151909543742], [-110.285534569134, 39.0151485253304], [-110.283193463384, 39.0131424335779], [-110.278699440851, 39.0092910893258], [-110.275653000398, 39.0066800004389], [-110.275175191888, 39.0062960489523], [-110.274981000378, 39.0061399995683], [-110.274420259401, 39.0057363024653], [-110.274323999529, 39.0056669991873], [-110.273765046199, 39.0053057238881], [-110.273668000301, 39.0052430001998], [-110.272977000015, 39.004843000564], [-110.27275276974, 39.0047276311253], [-110.272218999781, 39.0044530000329], [-110.271909780796, 39.0043129703028], [-110.271865330359, 39.0042928404783], [-110.271786173511, 39.0042569933767], [-110.271413000766, 39.0040880005505], [-110.2710540223, 39.0039471212287], [-110.27100572887, 39.0039281682688], [-110.270928975914, 39.0038980459665], [-110.270539000181, 39.0037450000396], [-110.270386498585, 39.0036931134462], [-110.269718999125, 39.003465999291], [-110.269570040485, 39.0034243031868], [-110.269502448548, 39.0034053821989], [-110.26850603454, 39.003126457599]]}}, {"type": "Feature", "properties": {"OBJECTID": 28512, "FRAARCID": 332864, "RROWNER1": "UP", "TRKRGHTS1": "AMTK"}, "geometry": {"type": "LineString", "coordinates": [[-109.914443925388, 38.9283280227852], [-109.912133904042, 38.9292102585139], [-109.910308582181, 38.9299073287705], [-109.90769871577, 38.930903927876], [-109.90049641369, 38.9336537174535], [-109.898837992522, 38.9342867926382], [-109.898754271334, 38.9343187508778], [-109.898565000795, 38.9343910001344], [-109.897200402386, 38.9348407438999], [-109.896789999862, 38.9349759994341], [-109.896627090386, 38.9350216531148], [-109.896325365146, 38.935106210348], [-109.895434000128, 38.9353560005327], [-109.894699436042, 38.9355276582782], [-109.894395651864, 38.9355986485405], [-109.894136875078, 38.9356591182546], [-109.893717999644, 38.9357570006958], [-109.89215559221, 38.9360482966047], [-109.892124999185, 38.9360539998237], [-109.890394000429, 38.936297999621], [-109.889761885608, 38.9363556520792], [-109.889729787905, 38.9363585798401], [-109.88962958353, 38.9363677187856], [-109.888519000836, 38.9364689996603], [-109.887645905753, 38.9365235097098], [-109.883131558837, 38.9368052464315], [-109.869722148774, 38.9376410511701], [-109.869192999749, 38.9376740001042], [-109.867681560928, 38.937764958787], [-109.86746977232, 38.9377777002322], [-109.867312762079, 38.9377871485347], [-109.866800000122, 38.9378179997977], [-109.865878836189, 38.9378523293497], [-109.865672998919, 38.9378600000608], [-109.865270859998, 38.9378523614915], [-109.864120295985, 38.9378305029647], [-109.863936000316, 38.9378269995068], [-109.863082256742, 38.937753927845], [-109.862726206784, 38.9377234517753], [-109.862277000633, 38.9376849996155], [-109.861223000123, 38.9375350002877], [-109.860943996871, 38.9374889478478], [-109.860801248284, 38.9374653856841], [-109.856927999341, 38.9368259998597], [-109.85670110646, 38.9367974624095], [-109.856286834892, 38.9367453555573], [-109.855990610037, 38.9367080949282], [-109.855647999775, 38.9366650004444], [-109.854767504371, 38.9366185994635], [-109.854649793627, 38.9366123952883], [-109.854525831508, 38.9366058606051], [-109.854148999925, 38.9365859994128], [-109.854029611128, 38.9365893205589], [-109.853750778556, 38.9365970780513], [-109.85266124788, 38.936627380617], [-109.852602999321, 38.9366289996137], [-109.851695071165, 38.9367282872918], [-109.851156390116, 38.9367871936481], [-109.851085001001, 38.9367949993323], [-109.850798308169, 38.9368457044659], [-109.850168999685, 38.9369569997522], [-109.850163022295, 38.9369583238715], [-109.849810828805, 38.9370363364659], [-109.849396999208, 38.9371279995999], [-109.849045062636, 38.9372256759812], [-109.848542251317, 38.9373652221197], [-109.848421129671, 38.9373988370805], [-109.848348626644, 38.9374189586749], [-109.848262000304, 38.9374430008876], [-109.846883263311, 38.9378857540237], [-109.844704558592, 38.9385853564506], [-109.844659848542, 38.9385997125077], [-109.844653436367, 38.9386017709589], [-109.844278999692, 38.9387220001992], [-109.843973133219, 38.9388013384319], [-109.843693000785, 38.9388739995617], [-109.843572402856, 38.9388976604762], [-109.843515649991, 38.9389087946516], [-109.843450444878, 38.9389215861994], [-109.843397422717, 38.938931988108], [-109.843285899569, 38.9389538686544], [-109.843080909411, 38.9389940837047], [-109.842958999044, 38.9390180003119], [-109.842898603511, 38.939024981257], [-109.84280911424, 38.9390353272527], [-109.84267357643, 38.9390509975167], [-109.841548999781, 38.9391809997165], [-109.840125703655, 38.9392804256618], [-109.835090234161, 38.9396320420649], [-109.835001374609, 38.9396382452772], [-109.83467585749, 38.939660966861], [-109.834489987972, 38.939673941337], [-109.834252147323, 38.9396905421507], [-109.83404500031, 38.9397049999967], [-109.833715213498, 38.9397424980121], [-109.833368493443, 38.93978192097], [-109.833358999148, 38.939783000486], [-109.833079013139, 38.9398363879474], [-109.833056039624, 38.9398407702898], [-109.833035215777, 38.9398447410887], [-109.832853773158, 38.9398793393634], [-109.832787230453, 38.9398920280251], [-109.832683680752, 38.9399117723048], [-109.832672000857, 38.9399140005056], [-109.831719408465, 38.9401958096982], [-109.831712000059, 38.9401980001596], [-109.831546176447, 38.9402584163433], [-109.831196000573, 38.9403860001906], [-109.831003547303, 38.9404658026003], [-109.829893074203, 38.9409262609041], [-109.829424820175, 38.9411204159724], [-109.82942099964, 38.9411219999314], [-109.829238572467, 38.9411808886638], [-109.829218934397, 38.9411872279875], [-109.828999945792, 38.9412579177321], [-109.828818144744, 38.9413166016322], [-109.828772742992, 38.9413312575776], [-109.82853499936, 38.9414080007143], [-109.828497244067, 38.941415484488], [-109.828323754233, 38.9414498765786], [-109.827515999909, 38.9416100001421], [-109.82749049584, 38.9416126139708], [-109.826542208175, 38.9417098006764], [-109.825377928685, 38.941829112849], [-109.825340000017, 38.9418330003917], [-109.82473299221, 38.9419235324266], [-109.824521999509, 38.9419550002346], [-109.824212493961, 38.9420334530983], [-109.823673034073, 38.94217019291], [-109.823586999724, 38.9421920004919], [-109.823011766226, 38.9424052584741], [-109.822942781002, 38.9424308333189], [-109.822914194813, 38.9424414310446], [-109.822848422863, 38.9424658146109], [-109.822766999566, 38.942495999385], [-109.822670884322, 38.9425415315433], [-109.822512209504, 38.9426166950341], [-109.82167771413, 38.9430119954968], [-109.821126961521, 38.9432728822404], [-109.821046003551, 38.9433112307599], [-109.820347412501, 38.9436421365318]]}}, {"type": "Feature", "properties": {"OBJECTID": 28868, "FRAARCID": 333264, "RROWNER1": "UP", "TRKRGHTS1": "AMTK"}, "geometry": {"type": "LineString", "coordinates": [[-109.682199124268, 38.9595836234453], [-109.682102936261, 38.959750361538], [-109.682098449176, 38.9597581416429], [-109.682077053103, 38.9597952301971], [-109.681261298383, 38.9612092755215], [-109.681105938348, 38.9614785716133], [-109.68105961672, 38.9615588629783], [-109.6810030004, 38.9616569995392], [-109.680717000169, 38.9621020007847], [-109.680691445794, 38.9621351290393], [-109.680643694947, 38.9621970359744], [-109.680499915993, 38.962383436787], [-109.680463999551, 38.9624299997188], [-109.680452352893, 38.9624415688515], [-109.680369695311, 38.9625236766006], [-109.680068449772, 38.9628229126149], [-109.680014001086, 38.962877000072], [-109.679636142728, 38.9631498632772], [-109.679634923714, 38.9631507426704], [-109.679544068106, 38.9632163527835], [-109.679412999415, 38.9633110002167], [-109.67912140807, 38.9634704220155], [-109.678984999793, 38.9635450003375], [-109.678675928131, 38.9636845002567], [-109.678614999897, 38.9637120001182], [-109.67817951102, 38.9638497940237], [-109.677987910251, 38.9639104191502], [-109.677767999975, 38.9639800001021], [-109.67704050563, 38.9641018423881], [-109.676950000365, 38.9641170000177], [-109.676850915291, 38.9641210092698], [-109.676588779705, 38.9641316163251], [-109.676306001731, 38.9641430580574], [-109.676085000002, 38.9641520006419], [-109.675852915757, 38.9641460405488], [-109.673147541362, 38.9640765282106], [-109.67030311944, 38.9640033746431], [-109.667943935095, 38.9639426490154], [-109.667181000415, 38.9639230001357], [-109.666681959326, 38.9638931108621], [-109.66621571393, 38.9638651843005], [-109.666028999997, 38.963854000262], [-109.665921558794, 38.9638343443729], [-109.665868124306, 38.9638245691615], [-109.665732972771, 38.9637998437028], [-109.665383999741, 38.963735999887], [-109.665380270834, 38.9637348837164], [-109.664758999577, 38.9635489998433], [-109.664549907712, 38.9634645820041], [-109.663746811153, 38.9631403359337], [-109.663736196659, 38.9631360500257], [-109.663600554645, 38.9630812838377], [-109.661818766042, 38.9623618631258], [-109.66134554972, 38.9621707900222], [-109.661335250535, 38.9621666311816]]}}, {"type": "Feature", "properties": {"OBJECTID": 29367, "FRAARCID": 333840, "RROWNER1": "UP", "TRKRGHTS1": "AMTK"}, "geometry": {"type": "LineString", "coordinates": [[-110.456048773473, 39.3935082978957], [-110.456041886988, 39.3934662973928], [-110.455510503853, 39.3902246924236], [-110.455325612601, 39.3890967580885], [-110.455298930841, 39.3889339863362], [-110.455284999767, 39.388849000184], [-110.455150998975, 39.3881470000978], [-110.455141215423, 39.3881163012749], [-110.455139253502, 39.388110143041], [-110.454969000298, 39.3875759999207], [-110.45492687021, 39.3874867610207], [-110.454831180767, 39.3872840821936], [-110.454731999573, 39.3870740002902], [-110.454638781396, 39.3869249728157], [-110.454431354109, 39.3865933548555], [-110.454422999777, 39.3865800001518], [-110.454420516833, 39.3865769431845], [-110.45440581231, 39.3865588360482], [-110.454366812851, 39.3865108132342], [-110.454251541033, 39.386368872605], [-110.454210868911, 39.3863187896884], [-110.454034000513, 39.386100999575], [-110.454005053201, 39.3860718856264], [-110.453807669079, 39.3858733601521], [-110.453688000906, 39.3857529998553], [-110.453541494667, 39.3856295885907], [-110.453393323849, 39.3855047718394], [-110.453304113056, 39.3854296218731], [-110.453301000394, 39.3854270001836], [-110.453275939194, 39.3854089441275], [-110.452910999508, 39.3851459997642], [-110.452797820765, 39.3850753221367], [-110.452437072619, 39.3848500407136], [-110.452429000357, 39.3848450000292], [-110.45239818994, 39.3848274569171], [-110.452010565098, 39.3846067397925], [-110.44756533995, 39.3820754089692], [-110.443500252185, 39.3797602526581], [-110.443453827251, 39.3797338107393]]}}, {"type": "Feature", "properties": {"OBJECTID": 30181, "FRAARCID": 334804, "RROWNER1": "UP", "TRKRGHTS1": "AMTK"}, "geometry": {"type": "LineString", "coordinates": [[-110.354883040323, 39.2665664063224], [-110.353787036387, 39.2663750087592], [-110.353306000231, 39.2662910016165], [-110.35295807284, 39.2662034237378], [-110.352673463202, 39.2661317814839], [-110.352444143971, 39.2660740586805], [-110.352432000545, 39.2660710013096], [-110.351603999991, 39.2657970016373], [-110.351598299283, 39.2657945674152], [-110.350613000129, 39.2653740007251], [-110.350576250949, 39.2653542055091], [-110.350389232487, 39.2652534676501], [-110.349823999934, 39.2649490004784], [-110.349769018547, 39.2649126278829], [-110.349109598535, 39.2644763826946], [-110.349041000484, 39.2644310009707], [-110.349028619903, 39.2644210364617], [-110.348868371236, 39.2642920457748], [-110.348552718517, 39.2640379606285], [-110.348511330437, 39.2640046436304], [-110.348353999498, 39.2638780009181], [-110.348129330845, 39.2636553883398], [-110.348020014858, 39.2635470745839], [-110.3479408634, 39.2634686469517], [-110.347863360351, 39.263391852303], [-110.347589001388, 39.2631200003512], [-110.346745213842, 39.2622076646081], [-110.343522576931, 39.2587229692506], [-110.343340717493, 39.2585263112804], [-110.343272000865, 39.2584519992528], [-110.34305842461, 39.2581951391858], [-110.342884085868, 39.2579854656302], [-110.342748999012, 39.2578229984854], [-110.34270994745, 39.2577673235582], [-110.34265768706, 39.2576928180526], [-110.342607727255, 39.2576215893129], [-110.342250999968, 39.2571129989978], [-110.342190707741, 39.2570117505645], [-110.341975186633, 39.2566498098693], [-110.341936000324, 39.2565839993607], [-110.341693519876, 39.2560998048448], [-110.34167546823, 39.2560637580621], [-110.341618000306, 39.2559489990666], [-110.341416329423, 39.2554609270949], [-110.341380000655, 39.2553729990166], [-110.341176999367, 39.2547649993563], [-110.341127252463, 39.2545680402169], [-110.34103000085, 39.2541829990099], [-110.340951288669, 39.2537342766397], [-110.340939132666, 39.2536649742027], [-110.340922999822, 39.2535729995765], [-110.340896146483, 39.2532919155896], [-110.340861000796, 39.2529239990999], [-110.340856998802, 39.2526723929881], [-110.340851999677, 39.2523579988568], [-110.340866200245, 39.2519808687294], [-110.340870000119, 39.2518799996552], [-110.340875523859, 39.2518250796375], [-110.340883500001, 39.2517457930032], [-110.340897473295, 39.251606869704], [-110.340921000172, 39.2513729989553], [-110.340943458953, 39.2512358313997], [-110.341004707885, 39.2508617804015], [-110.341004999838, 39.2508599988669], [-110.341072612436, 39.2505623776118], [-110.341111999968, 39.2503889987722], [-110.341260999033, 39.2498769980908], [-110.341267961874, 39.2498578336272], [-110.341283834207, 39.2498141391315], [-110.341443000404, 39.2493759982375], [-110.341588599345, 39.2490607781896], [-110.341843000437, 39.2485099991886], [-110.342023220449, 39.248198112361], [-110.342307000044, 39.2477069992241], [-110.344720847773, 39.2439103263296], [-110.345444484752, 39.2427720374325], [-110.345656233834, 39.2424389451736], [-110.346275683308, 39.2414644972894], [-110.346995988435, 39.240331345738], [-110.348038536323, 39.2386911816045], [-110.348052000272, 39.2386700005517], [-110.348054516454, 39.2386654822788], [-110.348161335124, 39.238473820687], [-110.34836800064, 39.2381029995579], [-110.348664999843, 39.2375080002703], [-110.348694469974, 39.2374411921485], [-110.34896099922, 39.2368370001789], [-110.34901052424, 39.236707241393], [-110.349038308234, 39.2366344432235], [-110.349074000995, 39.2365409224989], [-110.349140000219, 39.2363680002211], [-110.349470643125, 39.2353120148792], [-110.349490999848, 39.2352469998176], [-110.349767733058, 39.2342630162242], [-110.349788360173, 39.234189670007], [-110.351115770126, 39.2294692811367], [-110.353879137959, 39.2196398535532], [-110.353905243001, 39.2195469769004], [-110.355253385172, 39.2147502683388], [-110.355357958952, 39.2143781560427], [-110.355766954715, 39.2129227527973], [-110.356036696337, 39.211962840083], [-110.356172707559, 39.211478816422], [-110.356576999742, 39.2100400003926], [-110.356624845811, 39.2098573356792], [-110.356812999744, 39.2091390005826], [-110.356818935811, 39.209110790208], [-110.356842451909, 39.2089990386192], [-110.356873300954, 39.2088524352998], [-110.356877565257, 39.2088321640362], [-110.356921999524, 39.2086210002259], [-110.356928384749, 39.2085750804998], [-110.356974919277, 39.2082404142959], [-110.356978183755, 39.2082169374854], [-110.356995000217, 39.2080959999071], [-110.356997550534, 39.2080518610673], [-110.357010945313, 39.2078200328616], [-110.357031000202, 39.2074730001541], [-110.357029153266, 39.2073998612127], [-110.357015000309, 39.2068390003441], [-110.356984361469, 39.2065789762336], [-110.356939000141, 39.2061940008754], [-110.356824999439, 39.2056259996447], [-110.356819788312, 39.2056080412494], [-110.356783475714, 39.2054829031475], [-110.356762262897, 39.2054097990265], [-110.356714690814, 39.2052458617787], [-110.356630000344, 39.2049540000316], [-110.356573712807, 39.2048084971508], [-110.356449409328, 39.2044871635023], [-110.35638900032, 39.2043309995559], [-110.356318269669, 39.2041864358197], [-110.356145078076, 39.2038324449771], [-110.356144197727, 39.2038306455418], [-110.356143079324, 39.2038283609201], [-110.356093000942, 39.2037260004671], [-110.355936620421, 39.2034596817416], [-110.355774886839, 39.2031842436239], [-110.355773708249, 39.2031822367303], [-110.355770733927, 39.2031771718123], [-110.355763000331, 39.2031640006571], [-110.355685759589, 39.2030543467438], [-110.355368354257, 39.2026037456969], [-110.355314999719, 39.2025279995907], [-110.355305675206, 39.2025165797505], [-110.355253878347, 39.202453140956], [-110.354968000287, 39.2021030006878], [-110.354568000254, 39.2016690003684], [-110.354565511921, 39.2016665743625], [-110.354397774, 39.2015031407298], [-110.354203620219, 39.2013139637802], [-110.354178000267, 39.2012890005016], [-110.353831084379, 39.2009861832533], [-110.353726350698, 39.2008947646958], [-110.353706000264, 39.200877000705], [-110.353405034999, 39.2006460287361], [-110.352974999795, 39.2003159993407], [-110.352717622584, 39.2001320514064], [-110.352565809996, 39.2000235504482], [-110.351118894466, 39.1989894066376], [-110.349879537378, 39.1981035723072], [-110.348898788192, 39.1974025553699], [-110.348628000033, 39.1972090002903], [-110.348347495695, 39.1969771822449], [-110.348081200011, 39.1967571086312], [-110.347936750913, 39.1966377274681], [-110.34787900002, 39.1965899995908], [-110.34785612532, 39.1965678604223], [-110.347386924467, 39.196113729196], [-110.347372353793, 39.196099627312], [-110.34728739832, 39.1960173982901], [-110.347193999582, 39.1959269994433], [-110.347188482129, 39.1959208214988], [-110.346776000005, 39.1954589994629], [-110.34672588569, 39.1953953517037], [-110.346518057755, 39.1951313914257], [-110.346327999393, 39.194890000109], [-110.346204853843, 39.1947097201534], [-110.345912000365, 39.1942810000991], [-110.345652982831, 39.1938383143323], [-110.345637000005, 39.1938110000954], [-110.34552468095, 39.1935883364178], [-110.345416007259, 39.1933728924304], [-110.345352067872, 39.1932461375124], [-110.345352000498, 39.1932460003587], [-110.345131999492, 39.1927239999976], [-110.345071223073, 39.1925482573094], [-110.345050175546, 39.1924873994478], [-110.344929000001, 39.1921369999477], [-110.344771607078, 39.191549997083], [-110.344769999992, 39.191543999773], [-110.344685670645, 39.1911215160527], [-110.344669999535, 39.1910429997868], [-110.344612688816, 39.1906264429083], [-110.344588000417, 39.1904470000333], [-110.344567266402, 39.1901588121407], [-110.344515568357, 39.1894402595826]]}}, {"type": "Feature", "properties": {"OBJECTID": 30285, "FRAARCID": 334923, "RROWNER1": "UP", "TRKRGHTS1": "AMTK"}, "geometry": {"type": "LineString", "coordinates": [[-109.700477663682, 38.9683018142832], [-109.699527653947, 38.9675558582965], [-109.69952009642, 38.9675499250306], [-109.699497620572, 38.967532275395], [-109.698264681048, 38.9665641278229], [-109.697843000175, 38.9662330000914], [-109.697531971085, 38.965955351054], [-109.697444284733, 38.9658770741371], [-109.697433000097, 38.9658670002672], [-109.697342822717, 38.9657692641676], [-109.697099000186, 38.9655050000428], [-109.697034467012, 38.965417880085], [-109.697012858038, 38.9653887087641], [-109.696758999529, 38.9650459998481], [-109.696754801702, 38.9650383858606], [-109.696571571435, 38.9647061110939], [-109.696523769383, 38.9646194253011], [-109.696491000639, 38.9645600000571], [-109.696203799361, 38.9638195156665], [-109.695500141812, 38.9620052394819], [-109.695373565595, 38.961678872373], [-109.695354999215, 38.9616309999576], [-109.695271588844, 38.9614583667409], [-109.695080468674, 38.9610628066229], [-109.695024999502, 38.9609480007624], [-109.694872287701, 38.9606928125526], [-109.694822087148, 38.9606089207813], [-109.694721000627, 38.9604399997626], [-109.694362000602, 38.9599379995748], [-109.694341694185, 38.9599139747699], [-109.693958000371, 38.9594599998419], [-109.693475999423, 38.9589740001509], [-109.693453016925, 38.9589544365106], [-109.693321991353, 38.958842896345], [-109.693068386168, 38.9586270061566], [-109.692890999442, 38.9584760005455], [-109.692391523568, 38.9581187007199], [-109.692220000146, 38.9579960001214], [-109.691555999624, 38.9575959996126], [-109.69132864411, 38.9574831852648], [-109.691287674645, 38.9574628563098], [-109.6910723332, 38.957356005209], [-109.690766000502, 38.9572039993682], [-109.690690445898, 38.9571735477261], [-109.690378280439, 38.9570477264845], [-109.690091457352, 38.956932117775], [-109.689982000329, 38.9568879996384], [-109.689209459066, 38.9566429376533], [-109.689169811921, 38.9566303602649], [-109.689163746497, 38.9566284357602], [-109.689133999684, 38.9566190004469], [-109.688995224346, 38.9565863055086], [-109.688407012888, 38.9564477283714], [-109.688253192565, 38.9564114896], [-109.688145001269, 38.9563859994338], [-109.688026033782, 38.956370188401], [-109.687636000557, 38.9563183488099], [-109.687465540741, 38.9562956912432], [-109.687354999452, 38.9562809992726], [-109.686840999616, 38.9562740004671], [-109.686829315229, 38.9562749672649], [-109.68635800064, 38.956314000318], [-109.686343117353, 38.9563167463295], [-109.686301347489, 38.9563244527648], [-109.686180089298, 38.95634682182], [-109.685880999716, 38.9564019997707], [-109.685693920168, 38.9564555717085], [-109.685543992246, 38.9564985039746], [-109.685434000726, 38.9565299995418], [-109.685038768052, 38.9566849749642], [-109.685002999832, 38.9566989997367], [-109.684622999891, 38.9568910005974], [-109.684362303405, 38.9570521336092], [-109.684225000406, 38.9571370005689], [-109.68398049785, 38.9573171257107], [-109.683869060941, 38.9573992226332], [-109.683830000395, 38.9574279997734], [-109.683778500878, 38.9574758128583], [-109.683536289027, 38.9577006953579], [-109.683271000354, 38.9579469998748], [-109.683200222991, 38.9580290010667], [-109.683135006199, 38.9581045609701], [-109.683043999675, 38.958209999903], [-109.68299008369, 38.9582833599314], [-109.682824268163, 38.9585089803113], [-109.682800000175, 38.9585419998781], [-109.682789681228, 38.9585598878569], [-109.68278359604, 38.9585704363697], [-109.682276584199, 38.9594493480803], [-109.682199124268, 38.9595836234453]]}}, {"type": "Feature", "properties": {"OBJECTID": 30350, "FRAARCID": 334998, "RROWNER1": "UP", "TRKRGHTS1": "AMTK"}, "geometry": {"type": "LineString", "coordinates": [[-110.043716908021, 38.9629633953307], [-110.042935933374, 38.9625458592971], [-110.042201222863, 38.9621530482419], [-110.042101999448, 38.9621000002925], [-110.042031897618, 38.9620676305883], [-110.041879860451, 38.9619974281915], [-110.041652668431, 38.9618925222604], [-110.041017000773, 38.9615990002446], [-110.040690680559, 38.9614712806488], [-110.039668000711, 38.9610709994007], [-110.038723444647, 38.9607238075199], [-110.035750072261, 38.959630804312], [-110.035333978011, 38.9594778414866], [-110.033942518179, 38.9589663023862], [-110.033726049348, 38.9588867205814], [-110.033006000241, 38.958621999791], [-110.032714826613, 38.9585385721865], [-110.031773999456, 38.9582689994778], [-110.031558464873, 38.9582229807637], [-110.031034000563, 38.9581109993695], [-110.030355983627, 38.9580013334463], [-110.030254999515, 38.9579850002686], [-110.029125569267, 38.9578848943345], [-110.028855999224, 38.957861000857], [-110.028054034542, 38.9578593208738], [-110.027424999146, 38.9578580006376], [-110.026985758904, 38.9579001385156], [-110.026122000013, 38.9579829996601], [-110.025805934068, 38.9580414936839], [-110.024870822892, 38.9582145480593], [-110.024608999919, 38.9582629997719], [-110.022590224066, 38.9587038332532], [-110.016691810452, 38.9599916086549], [-110.016363290264, 38.9600633218337]]}}, {"type": "Feature", "properties": {"OBJECTID": 30767, "FRAARCID": 335501, "RROWNER1": "UP", "TRKRGHTS1": "AMTK"}, "geometry": {"type": "LineString", "coordinates": [[-110.316624714044, 39.0791577103736], [-110.316071412914, 39.0769976222063], [-110.31603290124, 39.0768472743414], [-110.316032588626, 39.0768460469821], [-110.3159364105, 39.07647055772], [-110.315766075549, 39.0758055426723], [-110.315398318746, 39.0743697370994], [-110.312519468891, 39.0631285252818], [-110.311388699256, 39.0587124211729], [-110.311035000189, 39.0573310002255], [-110.310554440139, 39.055467735716], [-110.309713714051, 39.0522078496011], [-110.308880482608, 39.0489767880353], [-110.30871761625, 39.0483452129924], [-110.308605956559, 39.047912202354], [-110.308410841581, 39.0471555462163], [-110.30808355478, 39.0458863056336], [-110.307573418598, 39.0439078955167], [-110.307534714684, 39.0437577925263], [-110.307303999472, 39.0428630006496], [-110.307245609876, 39.0426768166413], [-110.306721913625, 39.0410068841885], [-110.306564351819, 39.0405044519821], [-110.306306719488, 39.0396828952803], [-110.305764955421, 39.0379552400046], [-110.305762999789, 39.0379490000489], [-110.305205108268, 39.03656874362], [-110.304229831619, 39.0341557397519], [-110.304073708914, 39.0337694477323], [-110.303485387861, 39.0323137574313], [-110.303409005011, 39.0321247564977], [-110.303320999757, 39.0319070005246], [-110.30318017087, 39.0316112594597], [-110.303060999466, 39.0313610005943], [-110.302864760696, 39.0310017713597], [-110.302760000066, 39.0308099993714], [-110.302719877712, 39.0307458245101], [-110.302542158609, 39.0304615724041], [-110.302410039787, 39.0302502536137], [-110.30238800052, 39.0302149995604], [-110.302345895585, 39.0301551555555], [-110.302012999703, 39.0296820003754], [-110.301903682818, 39.0295482264038], [-110.301564287626, 39.0291328974318], [-110.301280000482, 39.0287850002298], [-110.300786999665, 39.0282640001424], [-110.300583995682, 39.0280687880259], [-110.300535935814, 39.028022571826], [-110.300443110201, 39.0279333089538], [-110.300318000035, 39.0278130001322], [-110.300161482071, 39.027678946973], [-110.297917878564, 39.0257573003671], [-110.295615513558, 39.0237851812715], [-110.293614461466, 39.0220710381935], [-110.289226914447, 39.0183121919683], [-110.288180011526, 39.0174152255238], [-110.285686776981, 39.0152789483706]]}}, {"type": "Feature", "properties": {"OBJECTID": 30985, "FRAARCID": 335742, "RROWNER1": "UP", "TRKRGHTS1": "AMTK"}, "geometry": {"type": "LineString", "coordinates": [[-110.321613293277, 39.0969510489475], [-110.32148521328, 39.0965420387806], [-110.321368929062, 39.0961706923742], [-110.3212245671, 39.0957096801649], [-110.32121985903, 39.0956946497293], [-110.320955881897, 39.0948516385786], [-110.320514560259, 39.0934422477722], [-110.319401999475, 39.0898890004249], [-110.319381460394, 39.0898100511446], [-110.319110460233, 39.0887683623644], [-110.319102296343, 39.0887369751588], [-110.31770041246, 39.0833479329493], [-110.317547999798, 39.0827619999483], [-110.317413590272, 39.0822373186949], [-110.317056783034, 39.0808444373764], [-110.316624714044, 39.0791577103736]]}}, {"type": "Feature", "properties": {"OBJECTID": 32850, "FRAARCID": 337948, "RROWNER1": "UP", "TRKRGHTS1": "AMTK"}, "geometry": {"type": "LineString", "coordinates": [[-110.153125548082, 38.985433386394], [-110.15296042336, 38.9853972553193], [-110.152876999514, 38.9853790005448], [-110.152212311781, 38.9852567326074], [-110.15206984257, 38.9852305245269], [-110.15199859988, 38.9852174194356], [-110.149804875328, 38.9848138543356]]}}, {"type": "Feature", "properties": {"OBJECTID": 32915, "FRAARCID": 338025, "RROWNER1": "UP", "TRKRGHTS1": "AMTK"}, "geometry": {"type": "LineString", "coordinates": [[-110.371977042338, 39.2788524135483], [-110.371342714967, 39.2784490416715], [-110.37123099958, 39.278377999522], [-110.37110372088, 39.2782816076606], [-110.370855999661, 39.2780939998742], [-110.370826283392, 39.2780674318685], [-110.370716659282, 39.2779694144972], [-110.370677806248, 39.2779346765244], [-110.370518668797, 39.2777923866707], [-110.370515999902, 39.2777900008459], [-110.370501164226, 39.2777738695814], [-110.369681047287, 39.2768821194618], [-110.367946726562, 39.2749962278222], [-110.367161150744, 39.274141956207], [-110.366013319407, 39.2728937113039], [-110.36488594181, 39.2716676604939], [-110.363439000229, 39.2700940000188], [-110.363320515138, 39.2699802890857], [-110.363301380124, 39.2699619250173], [-110.363197726218, 39.2698624469852], [-110.363181967972, 39.2698473243869], [-110.36271899963, 39.2694030015906], [-110.362686549787, 39.2693768072267], [-110.362273000465, 39.2690430012246], [-110.362111174356, 39.2689274692602], [-110.361863999313, 39.2687510013853], [-110.361489056886, 39.2685205003254], [-110.361172525614, 39.2683259054737], [-110.361119000396, 39.2682930015349], [-110.361069719718, 39.2682680773753], [-110.360746941562, 39.2681048405321], [-110.360334000399, 39.2678960012777], [-110.360010067009, 39.267764822075], [-110.359486999579, 39.2675530010034], [-110.35934666207, 39.2675083410883], [-110.358581999931, 39.2672650016015], [-110.358553328402, 39.2672587694278], [-110.358019334763, 39.2671427031763], [-110.35793403254, 39.2671241624081], [-110.357627558806, 39.2670575480216], [-110.357422272204, 39.2670129274331], [-110.357348999321, 39.266997000245], [-110.356974266202, 39.2669315701412], [-110.355994720758, 39.2667605282632], [-110.354883040323, 39.2665664063224]]}}, {"type": "Feature", "properties": {"OBJECTID": 33527, "FRAARCID": 338727, "RROWNER1": "UP", "TRKRGHTS1": "AMTK"}, "geometry": {"type": "LineString", "coordinates": [[-110.443453827251, 39.3797338107393], [-110.443171845185, 39.3795732071654], [-110.441676925483, 39.3787217375689], [-110.439963058499, 39.3777455179224], [-110.439813975891, 39.3776605966104], [-110.439123000757, 39.3772669997221], [-110.438898625854, 39.3771578805757], [-110.43870063986, 39.3770615942187], [-110.438583703465, 39.3770047239331], [-110.438428000273, 39.3769289995829], [-110.438181981361, 39.3768559811832], [-110.437771000322, 39.3767339999066], [-110.437705395458, 39.3767264407782], [-110.437689200631, 39.3767245749524], [-110.437671593651, 39.376722545945], [-110.437601269937, 39.3767144417192], [-110.437253412615, 39.3766743580419], [-110.437244234528, 39.3766733011796], [-110.437210558484, 39.3766694202312], [-110.437015999563, 39.3766469997471], [-110.436966449391, 39.376647880929], [-110.436956072951, 39.3766480649425], [-110.436937860507, 39.376648389223], [-110.436622000276, 39.3766539998997], [-110.436545824937, 39.3766625492369], [-110.436389851352, 39.3766800520434], [-110.436278609378, 39.3766925357927], [-110.436221000418, 39.3766989998715], [-110.436051683259, 39.3767374232485], [-110.436032018239, 39.376741884703], [-110.435994819003, 39.3767503257047], [-110.435773936749, 39.3768004502068], [-110.435702850366, 39.376816580866], [-110.435700999836, 39.376817000277], [-110.435283807845, 39.3769698184704], [-110.435155000213, 39.3770170000027], [-110.435134060484, 39.3770277768888], [-110.434989031973, 39.3771024171949], [-110.434688271524, 39.3772572019553], [-110.434409232339, 39.3774008074978], [-110.433661613037, 39.3777855586274], [-110.432292122404, 39.3784903203005], [-110.431872999035, 39.3787059996691], [-110.431770228173, 39.3787518489211], [-110.431593204366, 39.3788308237184], [-110.431464285343, 39.3788883368904], [-110.431437546989, 39.3789002647502], [-110.431409000326, 39.3789129994638], [-110.431395491461, 39.3789175524359], [-110.431151030227, 39.3789999065316], [-110.430939999797, 39.3790709999877], [-110.430865344407, 39.3790864406163], [-110.430249327396, 39.3792138400803], [-110.430185109532, 39.3792271198133], [-110.430147000302, 39.3792349994675], [-110.430047897262, 39.3792419597818], [-110.429991995102, 39.3792458857208], [-110.429465476344, 39.3792828599461], [-110.4294350001, 39.3792850006719], [-110.429263148793, 39.3792755427326], [-110.428777499787, 39.3792488159406], [-110.42873978402, 39.3792467397897], [-110.428712436608, 39.379245235101], [-110.428689999387, 39.3792439998258], [-110.428670222976, 39.379240241923], [-110.428475514036, 39.3792032426779], [-110.428337266009, 39.3791769727508], [-110.42803818002, 39.3791201368237], [-110.428000330404, 39.379112944579], [-110.427947999945, 39.3791029998656], [-110.427907979999, 39.3790898999499], [-110.42762283766, 39.3789965638472], [-110.427343136417, 39.3789050086744], [-110.427336999127, 39.3789029998669], [-110.427196421768, 39.3788371369212], [-110.42717895762, 39.3788289537827], [-110.42692656067, 39.3787107019442], [-110.426796999352, 39.3786500000754], [-110.426318977043, 39.3783464802179], [-110.426282000589, 39.3783229999633], [-110.425876999635, 39.377980999768], [-110.425821712821, 39.3779220977869], [-110.425703064236, 39.3777956910109], [-110.425617000242, 39.3777040002476], [-110.425362999799, 39.3773779997827], [-110.425347238857, 39.37735519206], [-110.42489421307, 39.3766996296834], [-110.42426204435, 39.3757848139033], [-110.424045045513, 39.3754707877797], [-110.423982999775, 39.3753809994055], [-110.423928175593, 39.3753090939051], [-110.423842627232, 39.3751968954837], [-110.423534476343, 39.3747927394081], [-110.42352400019, 39.374778999827], [-110.423445597029, 39.3746938756106], [-110.423405418979, 39.374650255529], [-110.423332995005, 39.3745716239023], [-110.423257198754, 39.3744893305517], [-110.423208999648, 39.3744370010187], [-110.423101827939, 39.3743364666526], [-110.423015587875, 39.3742555674091], [-110.422869999714, 39.3741190009404], [-110.42284324519, 39.3740975615416], [-110.422430615742, 39.373766903431], [-110.422422000899, 39.3737599995133], [-110.422397359212, 39.3737431035919], [-110.422384220453, 39.3737340948858], [-110.422110966418, 39.373546721451], [-110.422001999876, 39.3734719995679], [-110.421930620642, 39.3734304175481], [-110.421826734072, 39.373369899971], [-110.421475001418, 39.3731649996539], [-110.421422288277, 39.3731396635401], [-110.420880000493, 39.3728790006796], [-110.420641692719, 39.3727869006898], [-110.420586261276, 39.3727654775483], [-110.420476605726, 39.3727230985967], [-110.420285446929, 39.3726492216485], [-110.420259001425, 39.3726390010199], [-110.420030155606, 39.3725709495668], [-110.420012716612, 39.3725657628595], [-110.419914880196, 39.3725366696535], [-110.4198598503, 39.3725203046763], [-110.41985337704, 39.3725183797114], [-110.419536001352, 39.3724239994234], [-110.41950753913, 39.3724179286923], [-110.419182578966, 39.3723486048216], [-110.419002529634, 39.3723101936122], [-110.418919148009, 39.3722924049922], [-110.418890712737, 39.3722863384162], [-110.418861001857, 39.3722799996215], [-110.418660647904, 39.3722525750223], [-110.41847970924, 39.3722278066251], [-110.4181670003, 39.3721849995751], [-110.417994160846, 39.372174270552], [-110.417798748525, 39.3721621408511], [-110.417620128413, 39.3721510528013], [-110.417536922858, 39.3721458868959], [-110.41745385744, 39.3721407300177], [-110.417426001581, 39.3721389994843], [-110.417401535965, 39.3721393279524], [-110.416848723519, 39.3721467389682], [-110.416680644237, 39.3721489917169], [-110.416680000145, 39.3721490000501], [-110.416464998263, 39.3721728268212], [-110.415552000914, 39.3722739997101], [-110.415300748418, 39.3723257787895], [-110.415189799293, 39.3723486437099], [-110.414960001261, 39.3723959998903], [-110.414934684041, 39.3724030303296], [-110.414527424722, 39.3725161123916], [-110.414463001143, 39.3725340002583], [-110.414081000653, 39.3726790002103], [-110.414045058161, 39.3726963220748], [-110.413809942101, 39.3728096314344], [-110.413749002189, 39.3728390002149], [-110.413731176021, 39.3728505888384], [-110.413555783555, 39.3729646250131], [-110.413262003016, 39.3731556325496], [-110.413179798184, 39.3732090789839], [-110.413179722725, 39.373209128288], [-110.413163000586, 39.3732200002037], [-110.412802927075, 39.3735419716074], [-110.412785002091, 39.3735580002451], [-110.412526001625, 39.3738610006643], [-110.412514579546, 39.3738764806383], [-110.412268498651, 39.3742100033862], [-110.412202603631, 39.3742993127318], [-110.411808957382, 39.3748328255545], [-110.411774915725, 39.3748789627522], [-110.410597167793, 39.3764751135279], [-110.410366713092, 39.3767874276306], [-110.41020100177, 39.3770119997214], [-110.409979655087, 39.3772923718347], [-110.409954592091, 39.3773241190779], [-110.409929008071, 39.3773565259711], [-110.409893180563, 39.3774019053176], [-110.409886000329, 39.3774110003484], [-110.409878494006, 39.3774182809551], [-110.409518718735, 39.3777671520159], [-110.409515454257, 39.377770316998], [-110.409512751227, 39.3777729382808], [-110.409456999984, 39.377826999872], [-110.409327367698, 39.3779162129327], [-110.409100999433, 39.3780719999572], [-110.409078123834, 39.3780839612865], [-110.409057656619, 39.3780946623209], [-110.408971202756, 39.3781398641218], [-110.408961440764, 39.3781449684787], [-110.408706998349, 39.378278000344], [-110.408648481194, 39.3782995794169], [-110.408479020303, 39.378362068214], [-110.40835660149, 39.3784072101256], [-110.408245808672, 39.3784480649505], [-110.408226999747, 39.378454998957], [-110.408202361654, 39.3784601755056], [-110.407933701603, 39.3785165974299], [-110.407905865508, 39.3785224440429], [-110.407779278511, 39.3785490301556], [-110.40770459168, 39.3785647153185], [-110.407607999431, 39.3785849999946], [-110.407402939204, 39.3785991290633], [-110.407234074796, 39.3786107646423], [-110.40721906215, 39.3786117992553], [-110.407177522255, 39.3786146600646], [-110.40707099913, 39.3786220002616], [-110.406821989727, 39.3786082621285], [-110.406490999172, 39.3785900001632], [-110.406344402203, 39.3785619121401], [-110.406248422605, 39.3785435217039], [-110.406186372375, 39.3785316312792], [-110.40599969078, 39.3784958620864], [-110.405942999001, 39.3784849993247], [-110.405702188521, 39.3784040805855], [-110.405638488086, 39.3783826744438], [-110.405623982091, 39.3783778013307], [-110.405448999257, 39.3783190003686], [-110.405320237439, 39.3782553435947], [-110.405003999916, 39.378099000784], [-110.404807258089, 39.37796476661], [-110.404619999777, 39.3778369996231], [-110.404600386859, 39.3778182527794], [-110.404488914915, 39.3777116946743], [-110.404447856517, 39.377672446215], [-110.404248995564, 39.3774823516498], [-110.404188998883, 39.3774249991108], [-110.404134207041, 39.3773526422832], [-110.403795999421, 39.3769060000625], [-110.403451699427, 39.3764158846058], [-110.403170484522, 39.3760155631033], [-110.400404351675, 39.3720776301036], [-110.395243999289, 39.3647300005212], [-110.395243549233, 39.3647293567111], [-110.394063401901, 39.3630427831405], [-110.393315890397, 39.3619744564341], [-110.393162662962, 39.3617554603525], [-110.393080185941, 39.3616375852078], [-110.391327551262, 39.3591325998482], [-110.390726527133, 39.358273532386], [-110.39059065515, 39.3580793210464], [-110.388320349221, 39.3548340700557], [-110.38625343894, 39.351879288376], [-110.385255014502, 39.3504518885051], [-110.385245999908, 39.3504389992508], [-110.385135155887, 39.350271169203], [-110.384891999906, 39.3499030007524], [-110.384802565433, 39.349743726218], [-110.384781368785, 39.3497059763948], [-110.384653243873, 39.3494777966424], [-110.384609000048, 39.3493989991292], [-110.384604751916, 39.3493896837156], [-110.384471389825, 39.3490971492246], [-110.384361000351, 39.3488549991199], [-110.38429866805, 39.3486784513423], [-110.384169999657, 39.3483139993339], [-110.38411845792, 39.3480993973152], [-110.383998999953, 39.3476020002011], [-110.383983257876, 39.3474687424773], [-110.383916877766, 39.3469068330155], [-110.383913000638, 39.3468739993476], [-110.383912255934, 39.3463564029888], [-110.383912000813, 39.3461789999832], [-110.383955319372, 39.3458063472368], [-110.383975258378, 39.3456348387463], [-110.383999999778, 39.3454219999883], [-110.384143852394, 39.3447871680276]]}}, {"type": "Feature", "properties": {"OBJECTID": 33558, "FRAARCID": 338767, "RROWNER1": "UP", "TRKRGHTS1": "AMTK"}, "geometry": {"type": "LineString", "coordinates": [[-110.105938157423, 38.9863484927221], [-110.105887134013, 38.9863219498824], [-110.105825772791, 38.9862900297531], [-110.105580141951, 38.9861622527325], [-110.105154579459, 38.9859408750802], [-110.105134137396, 38.9859302405675], [-110.105101039868, 38.9859130214517], [-110.105033168555, 38.9858777159667], [-110.105032506496, 38.9858773717239], [-110.103483764234, 38.9850716844843], [-110.102288573715, 38.9844498966238], [-110.100519769361, 38.9835296515167], [-110.100224529958, 38.9833760441055], [-110.099399843289, 38.9829469697437], [-110.099033102481, 38.9827561546727]]}}, {"type": "Feature", "properties": {"OBJECTID": 33870, "FRAARCID": 339128, "RROWNER1": "UP", "TRKRGHTS1": "AMTK"}, "geometry": {"type": "LineString", "coordinates": [[-110.343353231025, 39.1711600445998], [-110.343336817008, 39.1708994949639], [-110.343062102313, 39.1665387749195], [-110.342823430721, 39.1627502303374], [-110.342761696698, 39.1617703168477], [-110.342515086695, 39.1578558529985], [-110.342495000365, 39.1575370003653], [-110.342486630762, 39.1570097432146], [-110.342484999421, 39.156906999719], [-110.342503000761, 39.1564110001947], [-110.34273474185, 39.1525212556859], [-110.34279995954, 39.1514264021935], [-110.343030000118, 39.1475639999962], [-110.343045510429, 39.1470935225555], [-110.343051000034, 39.146927000486], [-110.343030000118, 39.1460929999289], [-110.343008347126, 39.1458581158242], [-110.342951000475, 39.1452359995248], [-110.342886250808, 39.1448297964876], [-110.34282299953, 39.1444329992733], [-110.342708786827, 39.1439314852316], [-110.342696524823, 39.1438776442547], [-110.342689198163, 39.1438454650549], [-110.34264399943, 39.1436469991596], [-110.342469215123, 39.1430869079888], [-110.342382092016, 39.1428077260471], [-110.342355250355, 39.142721712161], [-110.342287000851, 39.1425030000784], [-110.342040518409, 39.1419039984653], [-110.342003866247, 39.1418149248712], [-110.341984307228, 39.141767388299], [-110.341857000681, 39.1414580002257], [-110.341628064132, 39.1409966098165], [-110.341612479261, 39.1409651998821], [-110.341603272427, 39.1409466411066], [-110.341532000093, 39.1408029997666], [-110.341250999885, 39.1402960002425], [-110.341151786352, 39.1401333512798], [-110.341087520876, 39.1400279947615], [-110.340970988723, 39.1398369523227], [-110.340920999274, 39.1397550002911], [-110.340865637001, 39.139672602946], [-110.340637867364, 39.1393336107216], [-110.340544643797, 39.1391948649162], [-110.340536001106, 39.1391820001854], [-110.340403236395, 39.139006323634], [-110.340162972091, 39.1386883951871], [-110.34012371751, 39.1386364502432], [-110.339908000569, 39.1383510000634], [-110.339748263942, 39.1381619186251], [-110.339645734727, 39.1380405525359], [-110.339566130518, 39.1379463250048], [-110.339428999097, 39.1377840008783], [-110.338958521738, 39.1372837054911], [-110.338780131594, 39.137094008728], [-110.338478104521, 39.1367728344496], [-110.337178035692, 39.1353903109646], [-110.336602695295, 39.1347784613394], [-110.33641672337, 39.1345806854886], [-110.33636336973, 39.1345239435796], [-110.336361866849, 39.1345223458336], [-110.336348103761, 39.134507709698], [-110.334165999816, 39.1321869995604], [-110.334084387872, 39.1320914214298], [-110.333704965547, 39.1316470696356], [-110.333382999468, 39.1312700004962], [-110.332891041594, 39.1305907565562], [-110.332615999912, 39.1302109996411], [-110.332154848863, 39.1294570704391], [-110.331996999596, 39.1291990004393], [-110.331818369602, 39.1288414013984], [-110.331474999364, 39.1281540003338], [-110.331267547822, 39.1276333411484], [-110.331066999833, 39.1271300001147], [-110.330861175141, 39.1264731701787], [-110.3299320701, 39.1235080616049], [-110.328288498981, 39.1182623600267], [-110.327303379491, 39.1151179057322], [-110.325582890127, 39.1096256484379], [-110.325039419261, 39.1078906039074], [-110.322610385513, 39.1001350256086], [-110.321613293277, 39.0969510489475]]}}, {"type": "Feature", "properties": {"OBJECTID": 34393, "FRAARCID": 339732, "RROWNER1": "UP", "TRKRGHTS1": "AMTK"}, "geometry": {"type": "LineString", "coordinates": [[-110.456048773473, 39.3935082978957], [-110.456181999918, 39.3943209998706], [-110.456242512232, 39.394608929068], [-110.456256334609, 39.3946746979902], [-110.456263433995, 39.3947084824727], [-110.456272999256, 39.3947539997928], [-110.456356163488, 39.3950323075663], [-110.456374000437, 39.3950919996938], [-110.456467681246, 39.3953052424707], [-110.456487391182, 39.3953501110143], [-110.456560876965, 39.3955173801188], [-110.456630999456, 39.3956770001116], [-110.456718361516, 39.3958128947625], [-110.456929292233, 39.3961410111138], [-110.456990999306, 39.3962369997193], [-110.457026058755, 39.3962764841783], [-110.457148086802, 39.3964139118303], [-110.457514000262, 39.3968260001771], [-110.457632624591, 39.396926913111], [-110.458023000075, 39.3972589998241], [-110.458064626208, 39.3972868331924], [-110.458530000238, 39.3975979997063], [-110.458782585834, 39.3977349166145], [-110.459064999092, 39.3978879999998], [-110.461615226352, 39.3991125029661], [-110.462190148134, 39.3993885407883], [-110.462393584206, 39.3994862159075], [-110.462591000668, 39.399580999703], [-110.462699869294, 39.3996262611691], [-110.462836712356, 39.3996831512007], [-110.462934334075, 39.3997237346488], [-110.462947464749, 39.3997291942258], [-110.463133796, 39.3998066576996], [-110.463302999074, 39.3998769997043], [-110.463548308317, 39.3999492297503], [-110.463738435848, 39.4000052115594], [-110.463824955288, 39.4000306878596], [-110.463843000646, 39.4000360009453], [-110.464400000139, 39.4001469995012], [-110.46446044508, 39.4001530476902], [-110.464501289679, 39.4001571334973], [-110.46487402225, 39.4001944235915], [-110.466558544868, 39.4003629375006], [-110.466936771535, 39.4004007717018], [-110.467051762179, 39.4004122738391], [-110.467208999693, 39.4004280005967], [-110.467592858797, 39.4004880136653], [-110.467886999561, 39.4005339999328], [-110.468364580797, 39.4006633635663], [-110.468425999511, 39.4006799996059], [-110.468465577486, 39.400694754491], [-110.468585850224, 39.4007395918022], [-110.468823000069, 39.4008280009025], [-110.469091934106, 39.4009548192411], [-110.469237346198, 39.4010233907042], [-110.469244999844, 39.4010269995806], [-110.469537971001, 39.4012054273601], [-110.469546944272, 39.4012108916803], [-110.469560725327, 39.401219284603], [-110.469642379491, 39.4012690139165], [-110.469644000052, 39.4012699996034], [-110.469661372571, 39.4012829877632], [-110.469707796607, 39.4013176964234], [-110.4699586242, 39.4015052236798], [-110.469961000244, 39.4015070006869], [-110.470344000559, 39.4018470003107], [-110.470735427071, 39.402222865695], [-110.47174887673, 39.4031959997623], [-110.471763689949, 39.4032102224143], [-110.471964584688, 39.4034031219653], [-110.472020848869, 39.4034571456551], [-110.472281628898, 39.4037075448762], [-110.472540805434, 39.403956400866], [-110.472605999767, 39.4040189999603], [-110.472721760268, 39.4041723999541], [-110.472787896036, 39.4042600397874], [-110.47281602588, 39.4042973179704], [-110.47290486477, 39.4044150419612], [-110.47293200018, 39.4044509998564], [-110.473022145221, 39.4046190786849], [-110.47318832726, 39.404928933941], [-110.473338000061, 39.4052080000371], [-110.473390494013, 39.4052915044755], [-110.473535266504, 39.4055217910197], [-110.473553000146, 39.4055500000713], [-110.473625325306, 39.4056350047493], [-110.473784791541, 39.4058224246119], [-110.473803999318, 39.4058449995307], [-110.473896711744, 39.4059268568026], [-110.473991808298, 39.4060108191793], [-110.474067771635, 39.4060778857262], [-110.474119999686, 39.4061240001866], [-110.474571181232, 39.4064197329582], [-110.474715000611, 39.4065139999492], [-110.474845795316, 39.4065915398729], [-110.47508816617, 39.4067352217887], [-110.475266466482, 39.4068409207154], [-110.47569516679, 39.4070950586379], [-110.480023318101, 39.4096606589786], [-110.482283000554, 39.4109999995169], [-110.482815713195, 39.4113493405203], [-110.483200999722, 39.4116019996636], [-110.483624583227, 39.4119236357556], [-110.483790998828, 39.4120500001441], [-110.484047614267, 39.4122699558498], [-110.484315999433, 39.4125000000341], [-110.484425590304, 39.4126040765962], [-110.484499241378, 39.4126740218939], [-110.48540783788, 39.4135368860114], [-110.485870352572, 39.4139761120666], [-110.486822335008, 39.414880137099], [-110.487220465647, 39.4152582023348], [-110.487485116516, 39.4155095120494], [-110.488007747366, 39.4160057918556], [-110.488424999544, 39.4164020003498], [-110.488587875783, 39.4165440443511], [-110.488748508929, 39.4166841310047], [-110.488903297635, 39.4168191214012], [-110.48902700104, 39.4169270001323], [-110.489157771491, 39.4170203340772], [-110.489208034926, 39.4170562063577], [-110.489243970232, 39.4170818540901], [-110.489621869912, 39.417351565203], [-110.49025300018, 39.4178020000054], [-110.490592810394, 39.4180339558912], [-110.490905150127, 39.418247158368], [-110.491931349575, 39.41894762445], [-110.494499342816, 39.4207003972817], [-110.494520030119, 39.4207145171283], [-110.494630670223, 39.4207900322709], [-110.495281063065, 39.421233931468], [-110.495287221914, 39.421238134011], [-110.495646000056, 39.4214830004052], [-110.495662202968, 39.4214930431699], [-110.496252025106, 39.421858621857], [-110.496393000418, 39.4219460000519], [-110.497147000454, 39.4223350001788], [-110.497168140507, 39.4223436140065], [-110.497210616447, 39.4223609214614], [-110.497242052092, 39.4223737294332], [-110.49824104157, 39.4227807610701], [-110.499652755717, 39.4233559322458], [-110.500592999867, 39.423738999797], [-110.50099258398, 39.4239368623756], [-110.501085660224, 39.4239829497582], [-110.501469350444, 39.4241729377598], [-110.501627000285, 39.4242509999942], [-110.502045692463, 39.4245042840889], [-110.502115481679, 39.4245465018318], [-110.502194000723, 39.4245940002315], [-110.50265999998, 39.4249160003624], [-110.502742876751, 39.424981916264], [-110.502746683812, 39.4249849451798], [-110.502794829019, 39.4250232371867], [-110.503496021591, 39.4255809243009], [-110.504469063232, 39.4263548030866], [-110.505276864268, 39.4269972451545], [-110.505351999358, 39.4270570001287], [-110.505830999932, 39.4274010003224], [-110.506321392941, 39.4277095511434], [-110.506338000095, 39.4277200003198], [-110.506745108497, 39.427938075433], [-110.507391687093, 39.4282844214381], [-110.508114003548, 39.4286713281593], [-110.50903998335, 39.4291673171979], [-110.509259431892, 39.4292848604241], [-110.509853836336, 39.4296032349526], [-110.511751335134, 39.4306195359261], [-110.512154930225, 39.4308356931797], [-110.512440225278, 39.4309884908887], [-110.513397002022, 39.4315009082508], [-110.515852524393, 39.4328159363989], [-110.517064491849, 39.4334649560303], [-110.519002290867, 39.4345026173578], [-110.519975999058, 39.4350239999554], [-110.520068227292, 39.4350763457964], [-110.520185659558, 39.4351429958497], [-110.520456999282, 39.4352970003563], [-110.520541051949, 39.4353534991175], [-110.520541338511, 39.4353536919957], [-110.520542124537, 39.4353542206762], [-110.520938999331, 39.4356209998326], [-110.52112237782, 39.4357744801555], [-110.521129447561, 39.4357803969006], [-110.521137989641, 39.4357875472254], [-110.521398999639, 39.4360060001869], [-110.521454712254, 39.4360642717243], [-110.521514747563, 39.4361270667807], [-110.521670337567, 39.4362898060991], [-110.521696465067, 39.4363171319862], [-110.521769000433, 39.4363930000153], [-110.521800692098, 39.436433602337], [-110.522008211013, 39.4366994622469], [-110.52204713771, 39.4367493348463], [-110.522049999742, 39.436753000152], [-110.522084337844, 39.436808468839], [-110.522323000452, 39.4371940003166], [-110.52233446565, 39.4372187574464], [-110.522524000293, 39.4376280001865], [-110.52255293952, 39.4377177695043], [-110.522557791321, 39.4377328218159], [-110.52257183648, 39.4377763920512], [-110.522670999708, 39.4380839998704], [-110.522694946997, 39.4382155964837], [-110.522721624266, 39.4383621929908], [-110.522799915138, 39.4387924301939], [-110.52284329658, 39.4390308210044], [-110.52288342073, 39.4392513173474], [-110.522924599503, 39.4394775962207], [-110.5229879999, 39.4398260001441], [-110.523087446097, 39.440204079222], [-110.523093999307, 39.4402289997026], [-110.523227001173, 39.4405690005827], [-110.523312170445, 39.4407262676075], [-110.523454999881, 39.4409899993583], [-110.523529495371, 39.4410916982194], [-110.523747999784, 39.4413900007482], [-110.523804061844, 39.441449194626], [-110.524087999542, 39.441748999658], [-110.524126561522, 39.4417803727781], [-110.524559999545, 39.4421330004592], [-110.524700740398, 39.4422209873082], [-110.525232378654, 39.4425533494642], [-110.525583032432, 39.442772564432], [-110.525992386622, 39.4430284714855], [-110.527385216385, 39.4438991776393], [-110.527394447473, 39.4439049487066], [-110.52743275523, 39.4439288952663], [-110.528484071573, 39.4445860832148], [-110.529406999798, 39.4451630008282], [-110.52957936584, 39.4452935948403], [-110.529718571471, 39.4453990667297], [-110.532023367317, 39.4471452619241], [-110.533750446723, 39.4484536753637], [-110.534301908103, 39.4488714404435], [-110.534700007301, 39.4491730219188], [-110.535465925285, 39.449753231808], [-110.535759999573, 39.4499759999339], [-110.536399005371, 39.4504080528352]]}}, {"type": "Feature", "properties": {"OBJECTID": 34697, "FRAARCID": 340087, "RROWNER1": "UP", "TRKRGHTS1": "UTAH"}, "geometry": {"type": "LineString", "coordinates": [[-109.758674633987, 38.9665561165794], [-109.758361190225, 38.96667191982], [-109.757654026551, 38.9668979870361], [-109.756578510493, 38.9671787628131], [-109.756115031908, 38.9672400632812], [-109.755165111106, 38.9672168343863], [-109.754589490435, 38.9671334881436], [-109.754331927273, 38.9670961924999], [-109.754220151699, 38.9670800080926], [-109.754113388724, 38.967064549368], [-109.753228230166, 38.9667837724398], [-109.752552129337, 38.96646141551], [-109.750920151875, 38.9656225951577], [-109.750049270242, 38.9653037476165], [-109.749183146984, 38.9651276680376], [-109.748507378532, 38.9650943553902], [-109.747833054571, 38.9651872667232], [-109.746989282296, 38.9654179618052], [-109.744238625624, 38.9665172728614], [-109.739836962479, 38.9683938197314]]}}, {"type": "Feature", "properties": {"OBJECTID": 35019, "FRAARCID": 340464, "RROWNER1": "UP", "TRKRGHTS1": "AMTK"}, "geometry": {"type": "LineString", "coordinates": [[-109.661335250535, 38.9621666311816], [-109.660699934118, 38.9619100999588], [-109.660694753534, 38.961908007958], [-109.660561000676, 38.9618540000884], [-109.660483700646, 38.9618278769449], [-109.65997152439, 38.9616547894843], [-109.659767234918, 38.961585750381], [-109.659693999765, 38.961561000392], [-109.659160042956, 38.9614398822742], [-109.65897100059, 38.9613970005002], [-109.658713225426, 38.9613623002683], [-109.658699889037, 38.9613605051152], [-109.658669372368, 38.9613563972178], [-109.658243000494, 38.9612990004859], [-109.658190265793, 38.9612965333705], [-109.658115938288, 38.9612930569169], [-109.657869116282, 38.9612815120443], [-109.65745199975, 38.9612620000319], [-109.657269696544, 38.9612695201272], [-109.656902269424, 38.9612846762672], [-109.656651999684, 38.9612949994561], [-109.656383632484, 38.9613263524922], [-109.656071626925, 38.9613628031906], [-109.655438453888, 38.9614367704459], [-109.654968406823, 38.961491679701], [-109.650127999306, 38.9620570001736], [-109.649999989378, 38.9620799660304], [-109.649993497253, 38.9620811311218], [-109.649540695146, 38.962162366868], [-109.649486999248, 38.9621719998158], [-109.649162612209, 38.962274163045], [-109.649051999954, 38.9623089997351], [-109.648823846736, 38.9624150442913], [-109.648554999836, 38.9625400003502], [-109.64852077582, 38.9625635912001], [-109.648179778932, 38.9627986471109], [-109.648142999209, 38.9628240001619], [-109.647938190511, 38.9630124759266], [-109.647850911096, 38.9630927934927], [-109.647817000592, 38.9631240004482], [-109.647670928239, 38.9632757533106], [-109.647620771704, 38.9633278602204], [-109.64726270413, 38.9636998514545], [-109.646759348431, 38.9642227701609], [-109.646608000272, 38.9643800001939], [-109.646270965853, 38.9647037502646], [-109.646202000392, 38.9647700008329], [-109.645936206865, 38.9649926914411], [-109.645757999978, 38.9651419998609], [-109.645685548155, 38.9651916027967], [-109.645601321216, 38.9652492673794], [-109.645474430588, 38.9653361409868], [-109.645126999966, 38.9655739997054], [-109.644753761643, 38.9657694639271], [-109.644303999435, 38.9660049995184], [-109.643914997476, 38.9661682050762], [-109.642777081743, 38.9666456021882], [-109.642700202124, 38.9666778538579], [-109.642533000497, 38.9667479999316], [-109.64222445435, 38.9668302793973], [-109.642042373028, 38.9668788341763], [-109.641942397723, 38.9669054939612], [-109.641858000104, 38.9669280000642], [-109.641753546698, 38.9669384118321], [-109.641655925878, 38.9669481440085], [-109.641428567669, 38.9669708079472], [-109.64134342894, 38.9669792940883], [-109.641225999369, 38.9669910000723], [-109.641003706761, 38.9669860362045], [-109.640822999861, 38.9669819991766], [-109.640597183162, 38.9669526734443], [-109.640412413183, 38.9669286761621], [-109.640307357007, 38.9669150319735], [-109.640283999911, 38.9669120000088], [-109.639626000135, 38.9667660003845], [-109.639297445812, 38.9666756593256], [-109.638854999483, 38.96655400027], [-109.638277594758, 38.966364467388], [-109.638012087794, 38.9662773135644], [-109.636672140953, 38.9658374582495], [-109.631378011454, 38.9640993942292], [-109.629485658206, 38.9634780585231], [-109.628177770441, 38.9630486002629], [-109.627033797368, 38.962672951807], [-109.622316481503, 38.9611237617333], [-109.621282000486, 38.9607840008487], [-109.620686388707, 38.9606201619114], [-109.620315000016, 38.9605179997898], [-109.620011820404, 38.960475975929], [-109.619741252332, 38.9604384721163], [-109.61940600017, 38.9603920007778], [-109.618936999641, 38.9603790000577], [-109.618911607861, 38.9603802301388], [-109.618461999265, 38.9604019999869], [-109.618055723601, 38.9604631743001], [-109.617499000789, 38.9605469998855], [-109.616178050622, 38.9608234470306], [-109.611295853478, 38.9618450355604], [-109.610080331389, 38.9620993430078]]}}, {"type": "Feature", "properties": {"OBJECTID": 35566, "FRAARCID": 341118, "RROWNER1": "UP", "TRKRGHTS1": "AMTK"}, "geometry": {"type": "LineString", "coordinates": [[-110.241302073415, 38.9956526784581], [-110.240819511919, 38.9955717701659], [-110.240771749394, 38.9955637601094], [-110.240635999581, 38.9955409992004], [-110.240477835006, 38.9955257554403], [-110.239655801062, 38.9954465233021], [-110.239391000174, 38.9954209997075], [-110.238598097697, 38.9953870925077], [-110.238291999459, 38.9953740004674], [-110.237098999931, 38.9953909994535], [-110.237052826525, 38.9953942738593], [-110.236013000533, 38.9954680010109], [-110.235766320461, 38.995499831825], [-110.23461800044, 38.9956480000543], [-110.233295545594, 38.9958578667559], [-110.230810567465, 38.9962521762301], [-110.230524100111, 38.9962976284656], [-110.227613630455, 38.9967593695249], [-110.225663611654, 38.9970686915943], [-110.224881029023, 38.9971928185473], [-110.224633999506, 38.997231999401], [-110.224453673493, 38.9972466458759], [-110.2243879779, 38.9972519818304], [-110.223444759428, 38.9973285806257], [-110.223180999687, 38.997349999817], [-110.222169016977, 38.9973588460528], [-110.221610252294, 38.9973637268064], [-110.221579000803, 38.9973639997823], [-110.221558917169, 38.9973627870991], [-110.221196355323, 38.997340884793], [-110.22038109288, 38.9972916311092], [-110.220376312046, 38.9972913420756], [-110.220321000079, 38.9972880000371], [-110.220124668783, 38.9972632520522], [-110.219615181184, 38.9971990278913], [-110.219371879676, 38.997168358167], [-110.219020000596, 38.9971239997944], [-110.215548700133, 38.9965750049472], [-110.214712796201, 38.996442789458], [-110.211475037948, 38.9959306062232], [-110.20875013418, 38.9954994785527], [-110.208225934872, 38.9954165328332], [-110.197479232821, 38.9937155003304], [-110.195673966748, 38.9934296513139], [-110.194589999339, 38.9932579990589], [-110.193743921089, 38.9931355862417], [-110.193574000261, 38.9931109994829], [-110.192609000339, 38.9930150003788], [-110.192448560331, 38.9930064433492], [-110.191559000926, 38.9929589998521], [-110.191120196367, 38.9929607097232], [-110.190275000262, 38.9929639996017], [-110.189810720381, 38.9929764064638], [-110.188933740983, 38.9929998370648], [-110.18716855145, 38.9930469768216], [-110.186669136661, 38.9930603087717], [-110.185097072337, 38.993102262332], [-110.184550300163, 38.9931168489191], [-110.183540788718, 38.9931437732151], [-110.181859500934, 38.9931885941894], [-110.178452850425, 38.9932793363978], [-110.178378695397, 38.9932813094782], [-110.177809845328, 38.9932964524844], [-110.176942364716, 38.9933195387728]]}}, {"type": "Feature", "properties": {"OBJECTID": 35723, "FRAARCID": 341309, "RROWNER1": "UP", "TRKRGHTS1": "AMTK"}, "geometry": {"type": "LineString", "coordinates": [[-109.407730191809, 38.9469248199788], [-109.407599908245, 38.9470073173864], [-109.407587533053, 38.9470151540831], [-109.407500132366, 38.9470704971927], [-109.406940050753, 38.9474251419952], [-109.405969000677, 38.9480399996014], [-109.405740172824, 38.9481517272367], [-109.405707962832, 38.948167456267], [-109.405528603405, 38.9482550305873], [-109.405330000269, 38.9483519992966], [-109.405290593872, 38.9483665971985], [-109.405059244449, 38.9484522947514], [-109.404647000379, 38.9486049991294], [-109.404573268457, 38.9486243937643], [-109.4040827946, 38.9487533975376], [-109.404010985971, 38.948772285627], [-109.4038790001, 38.9488070004076], [-109.403682375952, 38.9488389737605], [-109.403437031675, 38.9488788695207], [-109.403097999402, 38.9489339994916], [-109.40284684572, 38.9489502236739], [-109.40229742621, 38.9489857117454], [-109.40226199935, 38.9489880004414], [-109.401761735654, 38.9489702218265], [-109.401446000289, 38.9489589998071], [-109.401235897819, 38.9489320098056], [-109.400715240568, 38.9488651240485], [-109.400652000071, 38.9488570011194], [-109.400159797855, 38.9487439807375], [-109.399916001375, 38.948688001087], [-109.399618746153, 38.9485938951205], [-109.399318999902, 38.9484989995772], [-109.399150685262, 38.9484294669986], [-109.398709000705, 38.9482470005064], [-109.398677002715, 38.9482302235448], [-109.398090333664, 38.9479226331019], [-109.396528999716, 38.9471039999613], [-109.396410444557, 38.9470475886508], [-109.39635795869, 38.947022615607], [-109.395994608123, 38.9468497267283], [-109.395606194561, 38.9466649108083], [-109.395371001246, 38.9465529998794], [-109.394403999877, 38.9461529997591], [-109.394204406798, 38.9460824036242], [-109.393780433425, 38.9459324458151], [-109.393652377683, 38.9458871519801], [-109.393241999413, 38.9457419998206], [-109.393044715902, 38.9456843298424], [-109.392886174034, 38.945637982971], [-109.392074821958, 38.9454008000055], [-109.391859999739, 38.94533800018], [-109.391202639563, 38.9451899257879], [-109.390575395408, 38.945048630922], [-109.390323999181, 38.9449919999927], [-109.390039147896, 38.9449460697717], [-109.389374982084, 38.9448389762265], [-109.388848000693, 38.9447540002202], [-109.388516570863, 38.9447209854081], [-109.387657484109, 38.9446354042139], [-109.387393289584, 38.9446090832878], [-109.387271999952, 38.9445970005172], [-109.385950350896, 38.9445446052569], [-109.385808999189, 38.9445390005345], [-109.385242778489, 38.9445500003782], [-109.385090095433, 38.9445529662276], [-109.384918638487, 38.9445562974806], [-109.384213000153, 38.9445699990736], [-109.383639510286, 38.9446032906287], [-109.382642015604, 38.9446611836626], [-109.381662665993, 38.9447180188671], [-109.378735975459, 38.944887808075], [-109.378259565626, 38.944915438895], [-109.377220345996, 38.944975707134], [-109.376210665668, 38.9450342510187], [-109.375947407188, 38.945049514732], [-109.3749009669, 38.9451101783004], [-109.373983424974, 38.9451633633304], [-109.372728677948, 38.9452360801214], [-109.368031939791, 38.9455081505073], [-109.367550999754, 38.9455360004645], [-109.367271352409, 38.9455597199392], [-109.366896162048, 38.9455915410518], [-109.366537000326, 38.9456219997665], [-109.366049576249, 38.9456856027967], [-109.365830886783, 38.9457141401631], [-109.365738683703, 38.9457261717414], [-109.36571699927, 38.945728999906], [-109.364869453173, 38.9458781057854], [-109.364744999675, 38.9459000002574], [-109.364411757044, 38.9459748108601], [-109.363863000491, 38.9460979996708], [-109.363718009709, 38.9461377949703], [-109.362973999838, 38.9463419998387], [-109.362547198569, 38.9464832641808], [-109.362533123765, 38.9464879220791], [-109.362357075529, 38.9465461908445], [-109.361982999976, 38.9466700004591], [-109.361381525791, 38.9469077786163], [-109.360998999787, 38.9470589996068], [-109.360204726481, 38.9474262353677], [-109.360149000391, 38.9474519991301], [-109.359227999052, 38.9479429997253], [-109.358985438654, 38.9480912507103], [-109.358440999405, 38.9484240009122], [-109.357794498963, 38.9488727376781], [-109.357712000382, 38.9489299998595], [-109.357038999639, 38.9494569999225], [-109.356603696714, 38.9498526080594], [-109.356096000356, 38.9503140002221], [-109.355582044538, 38.9508701645112], [-109.355535820827, 38.9509201840271], [-109.355340999598, 38.9511309999811], [-109.355011429279, 38.9515466870185], [-109.35456920753, 38.9521044511967], [-109.353998567119, 38.952824170261], [-109.353220918933, 38.9538049458619], [-109.35282365966, 38.9543059570082], [-109.351278613965, 38.9562544311914], [-109.35121905117, 38.9563295424205], [-109.351188622537, 38.9563679153115], [-109.35052080687, 38.9572100585401], [-109.348916442722, 38.9592331139702], [-109.348083000174, 38.9602840001492], [-109.347847005562, 38.9605624020559], [-109.347708404497, 38.9607259093348], [-109.347615085709, 38.9608359943373], [-109.347442999942, 38.9610390001333], [-109.347019482014, 38.9614797499862], [-109.347009764938, 38.9614898628976], [-109.34700557789, 38.9614942194539], [-109.346681000409, 38.9618320001819], [-109.346134217455, 38.962332807195], [-109.345908000107, 38.9625399996517], [-109.345177877291, 38.9631297832119], [-109.345129013432, 38.9631692553287], [-109.345114612539, 38.9631808886013], [-109.345086000299, 38.9632040007756], [-109.344643817177, 38.9635247122366], [-109.344570640414, 38.9635777856616], [-109.344215999913, 38.9638349995461], [-109.344075377638, 38.9639251158253], [-109.343299999496, 38.9644220000864], [-109.343088963676, 38.9645419089408], [-109.342944434628, 38.9646240275267], [-109.342729299796, 38.964746264039], [-109.342376000479, 38.964946999786], [-109.341839081027, 38.9652152172099], [-109.341829856227, 38.9652198249846], [-109.341822985014, 38.9652232572422], [-109.34128300051, 38.9654929997606], [-109.340710648808, 38.9657409129835], [-109.340221000503, 38.9659530000447], [-109.339610986035, 38.9661816021554], [-109.339231000466, 38.9663240003572], [-109.338510879493, 38.9665516960768], [-109.337909000168, 38.9667419995468], [-109.337400598633, 38.9668714313172], [-109.336498962277, 38.9671009656841]]}}, {"type": "Feature", "properties": {"OBJECTID": 35760, "FRAARCID": 341350, "RROWNER1": "UP", "TRKRGHTS1": "AMTK"}, "geometry": {"type": "LineString", "coordinates": [[-110.016363290264, 38.9600633218337], [-110.011481191935, 38.9611289222919], [-110.011183000668, 38.9611940006195], [-110.009772999608, 38.9614349997423], [-110.009727191817, 38.9614401693587], [-110.00838913054, 38.9615911497933], [-110.008354999949, 38.9615949999302], [-110.008346106628, 38.9615955852739], [-110.007697849081, 38.9616382936996], [-110.007501620192, 38.9616512215447], [-110.00733799925, 38.9616619994039], [-110.007275218689, 38.9616636255124], [-110.006977143305, 38.9616713460346], [-110.006695095662, 38.9616786495515], [-110.006334000766, 38.9616879996726], [-110.005531179091, 38.9616764499748], [-110.00522200053, 38.9616720005292], [-110.004443311197, 38.9616259078886], [-110.004107000819, 38.9616059999211], [-110.004007243805, 38.9615958178747], [-110.003204376317, 38.9615138606252], [-110.00304900101, 38.9614979997459], [-110.002509394697, 38.9614199477113], [-110.002340718935, 38.9613955490113], [-110.002011999321, 38.9613479998115], [-110.001982314493, 38.961342452298], [-110.001452813328, 38.9612435008454], [-110.001005999391, 38.9611600001904], [-110.000785551922, 38.9611087019527], [-110.000008449912, 38.960927866288], [-109.999893000228, 38.9609010002892], [-109.998545312605, 38.9605105669286], [-109.998533000296, 38.9605070003285], [-109.998530014296, 38.9605059462745], [-109.998091043549, 38.9603509359008], [-109.99756576267, 38.9601654461925], [-109.997252998932, 38.9600550004124], [-109.996742365084, 38.9598379061791], [-109.996276949731, 38.9596400352563], [-109.995985581169, 38.9595161574895], [-109.995917000187, 38.9594870005031], [-109.995807805473, 38.9594324990285], [-109.995092070973, 38.9590752592094], [-109.994774999814, 38.9589170003482], [-109.993893716588, 38.9584179259997], [-109.993855000097, 38.9583960004678], [-109.993515635448, 38.958193830929], [-109.991719939127, 38.9571240551351], [-109.991529168402, 38.9570104010822], [-109.989718291452, 38.9559315164061], [-109.987385884987, 38.9545418310947], [-109.987199337241, 38.9544306779777], [-109.986825237435, 38.9542077725431], [-109.986158500644, 38.9538104974584], [-109.984898513745, 38.9530597090683], [-109.983657306127, 38.9523200853123], [-109.982649968605, 38.9517198019646], [-109.982459000251, 38.9516060002232], [-109.981773999812, 38.9511819994537], [-109.981706065617, 38.9511348073729], [-109.981541644276, 38.9510205841319], [-109.981321999901, 38.950868000228], [-109.981227724407, 38.9507909082474], [-109.981207838401, 38.9507746474602], [-109.981179473198, 38.9507514508918], [-109.9811163396, 38.950699825855], [-109.981062016678, 38.9506554034368], [-109.980916000918, 38.9505359992311], [-109.980687355424, 38.9503128000065], [-109.980495999895, 38.95012599997], [-109.980459913672, 38.9500843611703], [-109.980341116866, 38.9499472880141], [-109.980236000503, 38.949825999843], [-109.979950999199, 38.9494400003873], [-109.979850251343, 38.9492806098975], [-109.979459245243, 38.9486620149113], [-109.978957999687, 38.9478690002204], [-109.978821435103, 38.9476736738524], [-109.97868155304, 38.9474736010844], [-109.978628213773, 38.9473973109448], [-109.978610987679, 38.9473726740706], [-109.978586098058, 38.9473370727102], [-109.978541999761, 38.9472740000337], [-109.978268999949, 38.9469490007934], [-109.97818727392, 38.9468656495725], [-109.977966999825, 38.946640999575], [-109.977614124514, 38.9463526319122], [-109.977471671473, 38.9462362155807], [-109.977390244582, 38.9461696738117], [-109.977316083265, 38.946109069138], [-109.97731600062, 38.9461089999714], [-109.977197317002, 38.9460354107579], [-109.977109168018, 38.9459807529192], [-109.976862233723, 38.9458276397634], [-109.976688160882, 38.9457197049692], [-109.976608000616, 38.9456699996728], [-109.976540388916, 38.9456381988564], [-109.976193879066, 38.9454752170909], [-109.975939054868, 38.9453553577147], [-109.975848999659, 38.9453129999848], [-109.975521940132, 38.9451966748681], [-109.974040019951, 38.944669585841], [-109.972314999484, 38.9440559999318], [-109.971663502612, 38.9437943146882], [-109.971236999583, 38.9436229997434], [-109.970656999625, 38.9433410001576], [-109.970525502437, 38.9432674988995], [-109.970199000764, 38.943085000256], [-109.969884934469, 38.9428863202922], [-109.969738999558, 38.9427940001513], [-109.969294000217, 38.9424750002802], [-109.969205514365, 38.9424032776878], [-109.968877000466, 38.9421370001254], [-109.968490999778, 38.9417829996166], [-109.968429272942, 38.9417156627429], [-109.968389532372, 38.9416723078936], [-109.968316793088, 38.9415929568032], [-109.967786999972, 38.9410149998257], [-109.967667625548, 38.9408676269877], [-109.966865532408, 38.9398773871539], [-109.965571614344, 38.9382798937193], [-109.965518327179, 38.9382141026061], [-109.965327142331, 38.9379780567985], [-109.963044206987, 38.935159292478], [-109.962380687962, 38.9343399927747], [-109.96116703347, 38.9328413455744], [-109.961054999181, 38.9327030001318], [-109.96036526013, 38.93188760696], [-109.960291999823, 38.9318010005178], [-109.959905595792, 38.9314045103932], [-109.959793999881, 38.9312900003009], [-109.959213999923, 38.9307880004988], [-109.959019043947, 38.9306477754562], [-109.958591642602, 38.930340357509], [-109.958554999424, 38.9303140005288], [-109.958499408081, 38.9302807700491], [-109.958387904696, 38.9302141224606], [-109.958350682104, 38.930191873041], [-109.958214232504, 38.9301103134391], [-109.958127337568, 38.9300583721837], [-109.957892414646, 38.929917950031], [-109.957849000865, 38.9298920003021], [-109.957124000244, 38.9295330001249], [-109.957070325007, 38.929511322124], [-109.956722752451, 38.9293709492032], [-109.956508378492, 38.9292843683397], [-109.956349000292, 38.9292200000645], [-109.955904518381, 38.9290782904209], [-109.955567999594, 38.9289710003005], [-109.95546387587, 38.9289449160511], [-109.954590000151, 38.9287260004344], [-109.954481975043, 38.928702975551], [-109.953208949996, 38.9284316275621], [-109.947381493408, 38.9271892904083], [-109.942069364366, 38.9260565310024], [-109.940810669245, 38.9257880857127], [-109.940185587334, 38.9256547680537], [-109.937543830729, 38.9250912901631], [-109.93752314702, 38.925086878256], [-109.935487543925, 38.9246526433541]]}}, {"type": "Feature", "properties": {"OBJECTID": 36760, "FRAARCID": 342558, "RROWNER1": "UP", "TRKRGHTS1": "AMTK"}, "geometry": {"type": "LineString", "coordinates": [[-110.344515568357, 39.1894402595826], [-110.344501363298, 39.1892428246424], [-110.344470664271, 39.1888161279722], [-110.344442654801, 39.1884267955571], [-110.344429000408, 39.1882369999312], [-110.344251211237, 39.1854146679904], [-110.3439353016, 39.1803997977217], [-110.343643690492, 39.1757707431248], [-110.343371247636, 39.1714460135695], [-110.343359299145, 39.1712563615234], [-110.343353231025, 39.1711600445998]]}}, {"type": "Feature", "properties": {"OBJECTID": 36822, "FRAARCID": 342629, "RROWNER1": "UP", "TRKRGHTS1": "AMTK"}, "geometry": {"type": "LineString", "coordinates": [[-109.610080331389, 38.9620993430078], [-109.604347394637, 38.9632985644073], [-109.602196309518, 38.9637484447], [-109.602105745863, 38.9637673832745], [-109.601681999764, 38.9638559993078], [-109.600964741722, 38.9639674498598], [-109.600781000314, 38.9639960008197], [-109.599884000163, 38.9640949994169], [-109.599727895425, 38.964105519865], [-109.599053000135, 38.9641509997262], [-109.598848830139, 38.9641561544765], [-109.598662602194, 38.9641608566142], [-109.598395403702, 38.9641676024911], [-109.598142000639, 38.9641740005265], [-109.597368093038, 38.9641572098732], [-109.597127999414, 38.9641519999434], [-109.596062999932, 38.9640760001625], [-109.595864490221, 38.9640558770541], [-109.595807920612, 38.9640501418624], [-109.594585073661, 38.9639261712254], [-109.581572999228, 38.9626062068415], [-109.581056876673, 38.9625538186073]]}}, {"type": "Feature", "properties": {"OBJECTID": 36850, "FRAARCID": 342660, "RROWNER1": "UP", "TRKRGHTS1": "AMTK"}, "geometry": {"type": "LineString", "coordinates": [[-109.801966822674, 38.9523458221467], [-109.801676746787, 38.952483137267], [-109.801133514874, 38.9527402880357], [-109.79772038841, 38.9543558567392], [-109.796760234898, 38.9548103016708], [-109.794509731431, 38.9558754180891], [-109.785543967279, 38.960117931093], [-109.783427999102, 38.9611190007195], [-109.78264543803, 38.9614759075265], [-109.782118999222, 38.9617159997363], [-109.78152486607, 38.9619283929145], [-109.781294559591, 38.9620107226818], [-109.781057912802, 38.9620953154803], [-109.78105599939, 38.9620960000064], [-109.781054473153, 38.9620963869731], [-109.780845541187, 38.9621492589044], [-109.780434493673, 38.962253278066], [-109.779992999559, 38.9623650000592], [-109.779871142192, 38.9623843797527], [-109.779120961793, 38.9625036808754], [-109.778879999498, 38.9625420001315], [-109.77804100087, 38.9626120001248], [-109.776415281073, 38.9627075277643], [-109.774730082923, 38.9628065274635], [-109.773949266379, 38.9628523881363], [-109.773590505306, 38.9628734580381], [-109.772869773479, 38.9629157836207], [-109.772815000501, 38.9629189994587], [-109.772115795901, 38.9629943683499], [-109.771748923041, 38.9630339117879], [-109.771711000661, 38.9630380007288], [-109.771228417606, 38.9631206092995], [-109.770677000243, 38.9632150005167], [-109.770654251307, 38.963220574426], [-109.769597805584, 38.9634794198651], [-109.769273000828, 38.9635590000038], [-109.763369247628, 38.9652491674989], [-109.760478416043, 38.9660766283835], [-109.760206546312, 38.9661544427021], [-109.759502823187, 38.9663558568484], [-109.759401000047, 38.9663849998329], [-109.759388667077, 38.9663879047015], [-109.759093447437, 38.9664574545835], [-109.758674633987, 38.9665561165794]]}}, {"type": "Feature", "properties": {"OBJECTID": 37650, "FRAARCID": 343635, "RROWNER1": "UP", "TRKRGHTS1": "AMTK"}, "geometry": {"type": "LineString", "coordinates": [[-109.804555216656, 38.9511204748121], [-109.803925937816, 38.9514183855329], [-109.803463833654, 38.9516371500624]]}}, {"type": "Feature", "properties": {"OBJECTID": 39411, "FRAARCID": 345709, "RROWNER1": "UP", "TRKRGHTS1": "AMTK"}, "geometry": {"type": "LineString", "coordinates": [[-109.726757772216, 38.9718555965071], [-109.72736446202, 38.9717789890017], [-109.727839784891, 38.9717189663454], [-109.727964119811, 38.9717032655895], [-109.729446999394, 38.9715159995337], [-109.730511773398, 38.9713677675204], [-109.731213999032, 38.9712700005981], [-109.732300348773, 38.9710510543317], [-109.732637998539, 38.9709829993632], [-109.732887988903, 38.9709158361977], [-109.732996296082, 38.9708867369818], [-109.733651006227, 38.9707108340101], [-109.733668999482, 38.9707060003075], [-109.734242280042, 38.9705158192331], [-109.734506177225, 38.9704282717228], [-109.73471799907, 38.9703580000869], [-109.738435974216, 38.9688791534595], [-109.738551998822, 38.968833000554], [-109.739549001226, 38.9684760002032], [-109.739630632034, 38.9684527032672], [-109.739836962479, 38.9683938197314]]}}, {"type": "Feature", "properties": {"OBJECTID": 250116, "FRAARCID": 519401, "RROWNER1": "UP", "TRKRGHTS1": "AMTK"}, "geometry": {"type": "LineString", "coordinates": [[-110.384143852394, 39.3447871680276], [-110.384205572943, 39.3445147831001], [-110.384604384505, 39.3427546966074], [-110.387482086313, 39.3300509149684], [-110.388053175882, 39.3275290686352], [-110.388291817829, 39.3264751883954], [-110.38833015523, 39.3263058853123], [-110.388334156327, 39.3262882142273]]}}, {"type": "Feature", "properties": {"OBJECTID": 254580, "FRAARCID": 524258, "RROWNER1": "UP", "TRKRGHTS1": "AMTK"}, "geometry": {"type": "LineString", "coordinates": [[-110.149804875328, 38.9848138543356], [-110.149634987738, 38.9847826003763], [-110.149609903183, 38.984777985495], [-110.14842633866, 38.9845602303512], [-110.148411837156, 38.9845575636412], [-110.148398980468, 38.9845551985856], [-110.147195823689, 38.984333826382], [-110.145888984258, 38.9840933625403], [-110.143439228172, 38.9836425535685], [-110.138288625201, 38.9826945492126], [-110.138049755082, 38.9826505770022], [-110.137975998906, 38.9826370000853], [-110.13775050021, 38.9826014702109], [-110.137023999402, 38.9824870002235], [-110.136333242559, 38.9824044344893], [-110.136086999967, 38.9823749999239], [-110.13503710925, 38.9823073070807], [-110.134318999605, 38.9822610002227], [-110.134235340401, 38.9822605742615], [-110.134152159101, 38.9822601510934], [-110.133739848555, 38.9822580520123], [-110.133141000146, 38.9822550004539], [-110.132580910447, 38.9822753027422], [-110.132064999895, 38.9822939996406], [-110.131361381872, 38.9823504876365], [-110.130956789651, 38.9823829653856], [-110.130919000222, 38.9823859994811], [-110.130857960597, 38.9823934977817], [-110.130142297963, 38.9824813998985], [-110.130055999509, 38.9824919993163], [-110.129215186284, 38.9826381725199], [-110.128442120405, 38.9827725617445], [-110.1282209992, 38.9828110006162], [-110.128112695614, 38.9828380105326], [-110.12770777461, 38.9829389896814], [-110.126880611286, 38.9831452650641], [-110.12661299957, 38.9832119997537], [-110.126518598311, 38.9832434506251], [-110.126137561714, 38.9833703956691], [-110.125345203616, 38.9836343703841], [-110.124841122977, 38.9838023010926], [-110.124797000426, 38.9838169999248], [-110.124526953376, 38.9839294371617], [-110.123073606808, 38.9845345380379], [-110.121922566688, 38.9850137525426], [-110.121129405496, 38.9853439594366], [-110.120758801034, 38.9854982454813], [-110.118984940063, 38.9862366940437], [-110.118230510633, 38.9865507459986], [-110.117095999515, 38.9870229999648], [-110.11696268234, 38.9870742508067], [-110.116300000545, 38.9873290004356], [-110.11574091696, 38.9875047113075], [-110.115668668156, 38.9875274189414], [-110.115633592538, 38.9875384421367], [-110.115564998979, 38.9875600004488], [-110.115364424939, 38.9876104730578]]}}, {"type": "Feature", "properties": {"OBJECTID": 254782, "FRAARCID": 524486, "RROWNER1": "UP", "TRKRGHTS1": "AMTK"}, "geometry": {"type": "LineString", "coordinates": [[-110.099033102481, 38.9827561546727], [-110.097856582547, 38.982144001147], [-110.093367474697, 38.9798080795726], [-110.093179000964, 38.9797099995823], [-110.092496999102, 38.979378999649], [-110.091948205718, 38.979146998075], [-110.091907998923, 38.9791300000759], [-110.091551613893, 38.9790028749415], [-110.091356392914, 38.9789332382155], [-110.091251999695, 38.9788959997632], [-110.090786744243, 38.9787597686632], [-110.090667999539, 38.97872500012], [-110.090514147775, 38.9786895548756], [-110.090045609879, 38.978581610076], [-110.089864999998, 38.9785399998694], [-110.089336968477, 38.978450953177], [-110.08918899978, 38.9784260002783], [-110.088456999486, 38.9783450003655], [-110.088248161844, 38.9783360113876], [-110.087551000013, 38.9783060004002], [-110.087130658529, 38.9783163211086], [-110.086329000173, 38.9783360002142], [-110.08625139202, 38.9783393941262], [-110.086216266994, 38.9783409304648], [-110.085912949042, 38.9783541953512], [-110.085339072001, 38.9783792893389], [-110.085117485468, 38.9783889780433], [-110.083127558112, 38.9784759682187], [-110.081096787055, 38.9785647069145], [-110.080900235671, 38.9785732936233], [-110.080681790546, 38.9785828363494], [-110.079708947433, 38.9786253320169], [-110.079146676625, 38.9786498867958], [-110.078479999124, 38.9786789995819], [-110.077488999262, 38.9786849996538], [-110.077429826336, 38.9786825436188], [-110.076837027181, 38.9786579427614], [-110.076567430188, 38.9786467526785], [-110.076512405682, 38.9786444691304], [-110.076477000382, 38.9786429998383], [-110.076288924602, 38.9786240596543], [-110.076010179166, 38.9785959887588], [-110.075741824543, 38.9785689632573], [-110.075106343735, 38.9785049616612], [-110.075067001119, 38.9785010000116], [-110.075054471417, 38.9784988198122], [-110.074981127567, 38.9784860556587], [-110.073950924328, 38.9783067650782], [-110.073896306759, 38.9782972593268], [-110.07364199999, 38.9782530001623], [-110.072768420716, 38.9780338317637], [-110.072235000202, 38.9778999998983], [-110.072068913384, 38.9778452199846], [-110.071497924426, 38.9776568891352], [-110.070948283931, 38.9774755963973], [-110.07090099931, 38.9774600002726], [-110.070493821738, 38.9772923401444], [-110.070271396178, 38.9772007533918], [-110.070211893571, 38.9771762518832], [-110.069796000543, 38.977005000173], [-110.069523793944, 38.9768705120089], [-110.069140273505, 38.9766810262862], [-110.068976234846, 38.9765999789843], [-110.068783999867, 38.9765050001299], [-110.067401516001, 38.975757609507], [-110.066422578717, 38.9752283642494], [-110.053602835383, 38.9682961842004], [-110.048522566007, 38.9655483410138], [-110.046029999809, 38.9641999991748], [-110.044365744082, 38.9633102800798], [-110.043716908021, 38.9629633953307]]}}, {"type": "Feature", "properties": {"OBJECTID": 269839, "FRAARCID": 332505, "RROWNER1": "UP", "TRKRGHTS1": "AMTK"}, "geometry": {"type": "LineString", "coordinates": [[-110.765343869549, 39.5588847231336], [-110.763965088538, 39.5578879709961], [-110.761885237127, 39.5563843191226], [-110.759764174604, 39.5548507718794], [-110.75632384895, 39.5523631741261], [-110.753593968514, 39.5503890918398], [-110.749993621467, 39.5477852858503], [-110.749077100925, 39.5471224028792], [-110.747310999602, 39.545844999918], [-110.746120244964, 39.5449982227887], [-110.745789174459, 39.5447627851101], [-110.74550827666, 39.54456302298], [-110.745407000594, 39.5444909997156], [-110.744825000088, 39.5441379999892], [-110.744691231061, 39.5440693339095], [-110.744658036514, 39.5440522936277], [-110.744564153584, 39.5440041015905], [-110.744112000061, 39.5437719994757], [-110.74395316085, 39.543705474943], [-110.743378999942, 39.5434649995134], [-110.743271028733, 39.5434287130001], [-110.743249224824, 39.5434213846212], [-110.743128311587, 39.5433807456669], [-110.742633176372, 39.5432143324856], [-110.74253399967, 39.5431809996477], [-110.742393566939, 39.5431438498423], [-110.741360037239, 39.5428704267178], [-110.741349870106, 39.54286773683]]}}, {"type": "Feature", "properties": {"OBJECTID": 270483, "FRAARCID": 337279, "RROWNER1": "UP", "TRKRGHTS1": "AMTK"}, "geometry": {"type": "LineString", "coordinates": [[-110.770353141474, 39.5625056839818], [-110.765343869549, 39.5588847231336]]}}, {"type": "Feature", "properties": {"OBJECTID": 270777, "FRAARCID": 339526, "RROWNER1": "UP", "TRKRGHTS1": "AMTK"}, "geometry": {"type": "LineString", "coordinates": [[-110.718599503733, 39.5368462838854], [-110.718382372844, 39.5367887888416], [-110.718124395559, 39.5367204778229]]}}, {"type": "Feature", "properties": {"OBJECTID": 271082, "FRAARCID": 341616, "RROWNER1": "UP", "TRKRGHTS1": "AMTK"}, "geometry": {"type": "LineString", "coordinates": [[-110.718124395559, 39.5367204778229], [-110.716636843839, 39.5363265661714], [-110.714500953724, 39.53576093029], [-110.711272999685, 39.5349060004085], [-110.711020393427, 39.5348294402714], [-110.710689000427, 39.534729000083], [-110.710156225802, 39.5345304603012], [-110.709951394645, 39.5344541283801], [-110.709942999889, 39.5344510003048], [-110.709927214693, 39.5344438670456], [-110.709450610824, 39.5342285040714], [-110.70919632292, 39.534113598281], [-110.709194999702, 39.5341130003758], [-110.709192914712, 39.5341118738475], [-110.708936961331, 39.5339736502095], [-110.708658000299, 39.533823000486], [-110.708463129663, 39.5336938779288], [-110.707877662558, 39.5333059379245], [-110.707671000635, 39.5331689999623], [-110.707474959494, 39.5330113848303], [-110.707302818031, 39.5328729823285], [-110.707170999247, 39.5327670000917], [-110.706791000203, 39.5324210000694], [-110.706372205618, 39.5319871472656], [-110.698785000592, 39.5241260008892], [-110.698477350065, 39.5238300264654], [-110.698258000338, 39.5236189994696], [-110.697934578987, 39.523349090888], [-110.697707999618, 39.523159999941], [-110.697428675667, 39.522961250378], [-110.697394987047, 39.5229372797387], [-110.697360641759, 39.5229128413609], [-110.697084000178, 39.5227160008211], [-110.696612730505, 39.5224277556602], [-110.696447999245, 39.5223269995667], [-110.695698002102, 39.5219213516328], [-110.695628622518, 39.521883825961], [-110.695619730993, 39.5218790169304], [-110.695205513324, 39.5216549767154], [-110.693604512468, 39.5207890048324], [-110.692732445059, 39.5203172895044], [-110.68818194724, 39.5178556638929], [-110.686638615531, 39.5170207108023], [-110.686450148984, 39.5169187459074]]}}, {"type": "Feature", "properties": {"OBJECTID": 271288, "FRAARCID": 342873, "RROWNER1": "UP", "TRKRGHTS1": "AMTK"}, "geometry": {"type": "LineString", "coordinates": [[-110.61486544766, 39.4697737665374], [-110.614781011413, 39.4697124664174], [-110.613848807185, 39.4690356705853], [-110.611321359404, 39.4672006025317], [-110.609607478945, 39.4659561494062], [-110.608650765082, 39.4652614474083], [-110.606662999971, 39.4638179999724], [-110.606618969946, 39.4637803770409], [-110.606046946129, 39.4632915863943], [-110.605961999639, 39.4632189989314], [-110.605862489662, 39.4631215150647], [-110.605850453135, 39.4631097229766], [-110.605050088353, 39.4623256399953], [-110.604920472238, 39.4621986579767], [-110.604076987423, 39.4613723041377], [-110.603904357277, 39.4612031768929], [-110.603649000378, 39.4609530001739], [-110.603524779544, 39.4608563100249], [-110.603316603061, 39.460694270342], [-110.603093999636, 39.4605210002287], [-110.602961016634, 39.4604383533072], [-110.602451999753, 39.460121999954], [-110.60229651575, 39.4600467403649], [-110.60146017434, 39.4596419128173]]}}, {"type": "Feature", "properties": {"OBJECTID": 271411, "FRAARCID": 343627, "RROWNER1": "UP", "TRKRGHTS1": "AMTK"}, "geometry": {"type": "LineString", "coordinates": [[-110.741349870106, 39.54286773683], [-110.741347288348, 39.5428670551793], [-110.741325920123, 39.5428614010804], [-110.74011440991, 39.5425408797002], [-110.740015330225, 39.5425146658074], [-110.739788428361, 39.5424546338011], [-110.735273271164, 39.5412599383476], [-110.734078510938, 39.5409437732266], [-110.730802424267, 39.5400767582075], [-110.729563740017, 39.5397489125192], [-110.725160581176, 39.5385833876824], [-110.723214092754, 39.5380680835282], [-110.720801980571, 39.5374294599563], [-110.71972051497, 39.5371431124627], [-110.71904353469, 39.5369638586423], [-110.718998573112, 39.5369519536798], [-110.718962141936, 39.5369423065297], [-110.718915011824, 39.5369298279303], [-110.718599503733, 39.5368462838854]]}}, {"type": "Feature", "properties": {"OBJECTID": 300652, "FRAARCID": 521547, "RROWNER1": "UP", "TRKRGHTS1": "AMTK"}, "geometry": {"type": "LineString", "coordinates": [[-110.686450148984, 39.5169187459074], [-110.686166815852, 39.5167654569842], [-110.685860999685, 39.5166000000899], [-110.68518867717, 39.5161762889081], [-110.685082841257, 39.5161095889344], [-110.685046999375, 39.5160869998548], [-110.685043247112, 39.5160841377577], [-110.685040773152, 39.5160822521], [-110.684352000688, 39.5155569998369], [-110.684269623379, 39.515480789817], [-110.683738287855, 39.5149892189731], [-110.683724000151, 39.5149759997556], [-110.683277230231, 39.5144657097015], [-110.683103600259, 39.5142673905733], [-110.683091000489, 39.5142530000146], [-110.683079058286, 39.5142355698666], [-110.682895258487, 39.5139673019349], [-110.681880925784, 39.5124867738358], [-110.681249075966, 39.5115644905855], [-110.681121999387, 39.5113789998238], [-110.680759171641, 39.510904132346], [-110.680497000122, 39.5105610007605], [-110.680386300729, 39.5104433833737], [-110.680033000515, 39.5100680006644], [-110.679900278923, 39.5099463654503], [-110.679893187622, 39.5099398672917], [-110.679842496589, 39.5098934084899], [-110.679726289625, 39.5097869081153], [-110.679602000519, 39.5096729993988], [-110.679431985369, 39.5095384946259], [-110.679261673774, 39.5094037525633], [-110.67903850441, 39.5092271910935], [-110.67903700063, 39.509226000399], [-110.678963855308, 39.5091764063614], [-110.678944956551, 39.5091635935634], [-110.678927790644, 39.5091519541321], [-110.678906916492, 39.5091378016233], [-110.678796455153, 39.5090629062494], [-110.678450000101, 39.5088279995734], [-110.678328798504, 39.5087579124189], [-110.678235939653, 39.5087042143481], [-110.678140690385, 39.5086491342426], [-110.67795396657, 39.508541157093], [-110.677823999214, 39.5084660004789], [-110.677429410632, 39.5082687052296], [-110.677146000244, 39.5081269993984], [-110.676158808341, 39.5076669632155], [-110.676063020982, 39.5076223257104], [-110.675909076692, 39.5075505857138], [-110.675787095358, 39.5074937414794], [-110.675289395453, 39.5072618014673], [-110.672195533834, 39.5058199193656], [-110.671877050523, 39.5056714826441], [-110.671745700659, 39.5056102654519], [-110.667712088065, 39.5037301845912], [-110.66625811537, 39.503052425684], [-110.66594399877, 39.5029059993756], [-110.665387010954, 39.5026235366358], [-110.664962000926, 39.5024080008129], [-110.664590855678, 39.5021798602573], [-110.664468693782, 39.5021047688497], [-110.664296220841, 39.5019987507481], [-110.664295000929, 39.5019980007681], [-110.664294084647, 39.5019973332722], [-110.663705625254, 39.501568878554], [-110.663633000057, 39.5015159997729], [-110.663243248004, 39.5011871665745], [-110.662443728537, 39.5005126032752], [-110.66231796799, 39.5004064954069], [-110.661926832532, 39.5000764806643], [-110.661451000316, 39.4996749997322], [-110.660742999413, 39.4991270004169], [-110.660657579511, 39.4990702574269], [-110.660185999021, 39.4987570007683], [-110.65980631349, 39.4985339846685], [-110.659711000442, 39.4984780002236], [-110.659130786685, 39.4981911857254], [-110.658744396128, 39.4980001817396], [-110.658653000633, 39.4979549994225], [-110.658591188456, 39.4979305397787], [-110.658589964053, 39.4979300552439], [-110.658588229406, 39.4979293696861], [-110.657904999547, 39.4976590008317], [-110.657223999306, 39.4974359992319], [-110.657143267712, 39.497414602603], [-110.656984474316, 39.4973725156846], [-110.656443000405, 39.4972290005912], [-110.656090616472, 39.4971579243397], [-110.655619999874, 39.4970630008474], [-110.65532664873, 39.4970259137088], [-110.654890155537, 39.496970730766], [-110.654393999836, 39.4969079996013], [-110.654211388508, 39.4968966187579], [-110.651968932149, 39.4967568390004], [-110.651763000557, 39.4967439996508], [-110.651709977497, 39.4967391375834], [-110.651430985025, 39.4967135559224], [-110.651110427504, 39.4966841609852], [-110.65095599992, 39.4966699996985], [-110.650870474915, 39.4966572511414], [-110.650364514103, 39.4965818251922], [-110.650085268305, 39.4965401959724], [-110.650037000028, 39.4965329998975], [-110.649672602026, 39.4964503652525], [-110.648939000036, 39.4962839997197], [-110.648894905332, 39.4962704303438], [-110.648213305017, 39.4960606609721], [-110.6478309991, 39.4959430003259], [-110.647752782788, 39.4959113868134], [-110.647453247642, 39.4957903243619], [-110.646777000387, 39.4955170003653], [-110.646561673315, 39.4954063630756], [-110.646092562294, 39.4951653252362], [-110.645848905053, 39.4950401278647], [-110.645799999871, 39.4950150003254], [-110.645631992455, 39.4949088410856], [-110.645427458641, 39.4947796004269], [-110.645379186771, 39.4947490983015], [-110.644951641696, 39.494478938907], [-110.644927999835, 39.4944640000745], [-110.644116998999, 39.4938399997444], [-110.644085273199, 39.4938102292511], [-110.643622259942, 39.4933757602238], [-110.643387000152, 39.4931549999619], [-110.642947817403, 39.4926456026811], [-110.642723999455, 39.4923860000615], [-110.642301630473, 39.4917809357631], [-110.642256999474, 39.4917169999085], [-110.642014047411, 39.4912981436325], [-110.641949000401, 39.4911860001288], [-110.641675000765, 39.4906249998218], [-110.641416683018, 39.4900428907265], [-110.640287421654, 39.4874980235044], [-110.63952199954, 39.4857730005071], [-110.639451218584, 39.4856527142358], [-110.63944968516, 39.485650111568], [-110.639443054695, 39.4856388405037], [-110.63903299892, 39.4849420006523], [-110.638893680101, 39.4847562426255], [-110.638831776297, 39.4846737035263], [-110.638430000294, 39.4841379991656], [-110.638341630325, 39.4840399400305], [-110.638124126635, 39.4837985896152], [-110.638028615957, 39.4836926053], [-110.637974000185, 39.4836320003698], [-110.637410999945, 39.4831099999847], [-110.637235025371, 39.4829615716185], [-110.637018310402, 39.4827787792375], [-110.63672375282, 39.482530325375], [-110.636516132395, 39.4823551994869], [-110.636036856936, 39.4819509329774], [-110.635907475281, 39.4818417980684], [-110.63463860584, 39.4807714773063], [-110.634592227619, 39.4807323561894], [-110.631026981343, 39.4777247491496], [-110.629041028134, 39.4760492692438], [-110.628953000422, 39.4759749997216], [-110.628433307064, 39.4755873371706], [-110.62839799968, 39.4755610002357], [-110.627895204531, 39.475254865747], [-110.62787900072, 39.4752449999249], [-110.627472876871, 39.4750439900822], [-110.627328084617, 39.4749723253279], [-110.627299860449, 39.4749583558547], [-110.62728499962, 39.4749510001416], [-110.626618999448, 39.4746950003184], [-110.626616448232, 39.474694310371], [-110.626442249627, 39.4746472247398], [-110.625970580204, 39.4745197347414], [-110.625646000027, 39.4744320002016], [-110.625453162279, 39.4743910539114], [-110.621300292941, 39.4735091675981], [-110.621243000189, 39.4734969993529], [-110.620529000336, 39.4733239996545], [-110.620092366108, 39.4731848624704], [-110.620051999412, 39.473171999352], [-110.620026311188, 39.473161856556], [-110.619825013106, 39.4730823742079], [-110.619747127374, 39.4730516226376], [-110.619629780449, 39.4730052875741], [-110.619586001053, 39.4729879996364], [-110.619461324773, 39.4729239216855], [-110.619423347596, 39.4729044022625], [-110.619065333921, 39.472720393518], [-110.618896475801, 39.4726336025544], [-110.618775250848, 39.4725712973921], [-110.618762999624, 39.4725649996095], [-110.618623308903, 39.4724687361083], [-110.617847087242, 39.4719338225751], [-110.617724000082, 39.4718490007014], [-110.616385089897, 39.4708770103708], [-110.614923526438, 39.4698159325728], [-110.61486544766, 39.4697737665374]]}}, {"type": "Feature", "properties": {"OBJECTID": 301691, "FRAARCID": 534696, "RROWNER1": "UP", "TRKRGHTS1": "AMTK"}, "geometry": {"type": "LineString", "coordinates": [[-110.770353141474, 39.5625056839818], [-110.770964613908, 39.5629476501849], [-110.771404937518, 39.563265906213], [-110.774515116136, 39.565513749262], [-110.778114285492, 39.5681147369087], [-110.778599000249, 39.5684650005332], [-110.779164654112, 39.568901900006], [-110.779534186884, 39.5691873145605], [-110.779627000819, 39.5692589998823], [-110.779898420494, 39.5694930602065], [-110.780540403309, 39.5700466665663], [-110.780643999722, 39.5701360004781], [-110.781459667305, 39.5709363090306], [-110.781645234988, 39.5711183792347], [-110.781758999433, 39.5712299990053], [-110.781942615975, 39.5714380650627], [-110.782258542681, 39.5717960555181], [-110.782745393632, 39.5723477205826], [-110.782772999759, 39.5723789994796], [-110.783363283631, 39.5731503004015], [-110.783659999864, 39.5735379996554], [-110.783714262599, 39.5736217072509], [-110.783773207353, 39.573712637446], [-110.784379725578, 39.5746482543869], [-110.78445800028, 39.5747690007484], [-110.784888507999, 39.5755325284157], [-110.784957000048, 39.5756540002643], [-110.785462046375, 39.5766922575846], [-110.78547700063, 39.5767229999912], [-110.785994818305, 39.5779054360778], [-110.786135654379, 39.5782270306603], [-110.787461494077, 39.5812543972341], [-110.787489658057, 39.5813187000076]]}}]}